timestamp,cps,cps_err,usv_hr
1776900422.3675122,14.0,2.6457513110645907,0.175476
1776900424.3725636,6.0,1.7320508075688772,0.075204
1776900426.3873374,6.5,1.8027756377319946,0.081471
1776900428.391193,6.0,1.7320508075688772,0.075204
1776900430.4203873,4.0,1.4142135623730951,0.050136
1776900432.4426336,4.0,1.4142135623730951,0.050136
1776900434.4429722,4.0,1.4142135623730951,0.050136
1776900436.454566,7.5,1.9364916731037085,0.094005
1776900438.4909573,2.5,1.118033988749895,0.031335
1776900440.5236254,7.0,1.8708286933869707,0.087738
1776900442.507966,3.0,1.224744871391589,0.037602
1776900444.5352185,8.5,2.0615528128088303,0.106539
1776900446.590716,9.0,2.1213203435596424,0.112806
1776900448.576783,6.0,1.7320508075688772,0.075204
1776900450.592662,6.5,1.8027756377319946,0.081471
1776900452.618723,9.0,2.1213203435596424,0.112806
1776900454.6398313,6.5,1.8027756377319946,0.081471
1776900456.6520905,4.0,1.4142135623730951,0.050136
1776900458.6430147,4.0,1.4142135623730951,0.050136
1776900460.706615,4.5,1.5,0.056403
1776900462.689752,4.0,1.4142135623730951,0.050136
1776900464.7179708,5.5,1.6583123951777,0.068937
1776900466.7434814,6.0,1.7320508075688772,0.075204
1776900468.7454653,6.0,1.7320508075688772,0.075204
1776900470.7838159,5.5,1.6583123951777,0.068937
1776900472.8152215,6.0,1.7320508075688772,0.075204
1776900474.7997487,6.0,1.7320508075688772,0.075204
1776900476.8191395,2.0,1.0,0.025068
1776900478.8530595,3.5,1.3228756555322954,0.043869
1776900480.8720155,6.5,1.8027756377319946,0.081471
1776900482.906433,8.0,2.0,0.100272
1776900484.884938,7.5,1.9364916731037085,0.094005
1776900486.928013,8.5,2.0615528128088303,0.106539
1776900488.9510896,9.0,2.1213203435596424,0.112806
1776900490.9665637,4.0,1.4142135623730951,0.050136
1776900492.979309,7.5,1.9364916731037085,0.094005
1776900494.9925177,3.0,1.224744871391589,0.037602
1776900497.0167513,5.5,1.6583123951777,0.068937
1776900499.0038555,8.5,2.0615528128088303,0.106539
1776900501.023958,7.0,1.8708286933869707,0.087738
1776900503.0511773,7.5,1.9364916731037085,0.094005
1776900505.0666928,8.0,2.0,0.100272
1776900507.0860436,3.0,1.224744871391589,0.037602
1776900509.10817,5.5,1.6583123951777,0.068937
1776900511.128015,5.0,1.5811388300841898,0.06267
1776900513.171721,6.0,1.7320508075688772,0.075204
1776900515.1650913,7.0,1.8708286933869707,0.087738
1776900517.1769679,6.0,1.7320508075688772,0.075204
1776900519.222824,5.5,1.6583123951777,0.068937
1776900521.2362738,9.5,2.179449471770337,0.119073
1776900523.2472608,8.0,2.0,0.100272
1776900525.280693,4.5,1.5,0.056403
1776900527.263913,8.0,2.0,0.100272
1776900529.2898057,4.5,1.5,0.056403
1776900531.3073783,9.5,2.179449471770337,0.119073
1776900533.3320167,6.5,1.8027756377319946,0.081471
1776900535.3593946,4.0,1.4142135623730951,0.050136
1776900537.3537018,6.0,1.7320508075688772,0.075204
1776900539.384319,4.5,1.5,0.056403
1776900541.4048514,10.0,2.23606797749979,0.12534
1776900543.4424365,6.0,1.7320508075688772,0.075204
1776900545.4509294,8.0,2.0,0.100272
1776900547.4766498,3.5,1.3228756555322954,0.043869
1776900549.4540474,4.5,1.5,0.056403
1776900551.4754534,8.5,2.0615528128088303,0.106539
1776900553.5040336,7.5,1.9364916731037085,0.094005
1776900555.5192149,7.0,1.8708286933869707,0.087738
1776900557.5670824,6.5,1.8027756377319946,0.081471
1776900559.5596132,7.5,1.9364916731037085,0.094005
1776900561.5748746,9.5,2.179449471770337,0.119073
1776900563.6209211,12.5,2.5,0.156675
1776900565.6387494,7.0,1.8708286933869707,0.087738
1776900567.6616802,8.0,2.0,0.100272
1776900569.6434357,8.5,2.0615528128088303,0.106539
1776900571.6899292,7.0,1.8708286933869707,0.087738
1776900573.716039,12.5,2.5,0.156675
1776900575.6851208,8.0,2.0,0.100272
1776900577.7248456,9.0,2.1213203435596424,0.112806
1776900579.7378473,8.0,2.0,0.100272
1776900581.749249,8.0,2.0,0.100272
1776900583.7599957,12.5,2.5,0.156675
1776900585.825332,9.0,2.1213203435596424,0.112806
1776900587.8211374,12.0,2.449489742783178,0.150408
1776900589.8371923,14.5,2.692582403567252,0.181743
1776900591.8570065,7.0,1.8708286933869707,0.087738
1776900593.8799546,10.5,2.29128784747792,0.131607
1776900595.9042408,13.0,2.5495097567963922,0.162942
1776900597.8959231,12.5,2.5,0.156675
1776900599.942079,10.0,2.23606797749979,0.12534
1776900601.9534655,12.5,2.5,0.156675
1776900603.9811554,7.5,1.9364916731037085,0.094005
1776900605.956894,6.0,1.7320508075688772,0.075204
1776900607.992682,11.0,2.345207879911715,0.137874
1776900610.009115,9.0,2.1213203435596424,0.112806
1776900612.041068,7.0,1.8708286933869707,0.087738
1776900614.063425,9.0,2.1213203435596424,0.112806
1776900616.087001,11.0,2.345207879911715,0.137874
1776900618.0875676,11.0,2.345207879911715,0.137874
1776900620.1057796,11.5,2.3979157616563596,0.144141
1776900622.1386437,11.5,2.3979157616563596,0.144141
1776900624.1342678,7.5,1.9364916731037085,0.094005
1776900626.1474018,7.0,1.8708286933869707,0.087738
1776900628.1818676,8.0,2.0,0.100272
1776900630.196461,9.5,2.179449471770337,0.119073
1776900632.2184577,9.5,2.179449471770337,0.119073
1776900634.2239761,10.5,2.29128784747792,0.131607
1776900636.2412052,6.5,1.8027756377319946,0.081471
1776900638.272672,7.0,1.8708286933869707,0.087738
1776900640.287423,8.0,2.0,0.100272
1776900642.2991085,9.0,2.1213203435596424,0.112806
1776900644.304871,9.5,2.179449471770337,0.119073
1776900646.315896,8.0,2.0,0.100272
1776900648.346935,10.5,2.29128784747792,0.131607
1776900650.3807545,11.0,2.345207879911715,0.137874
1776900652.3998077,7.5,1.9364916731037085,0.094005
1776900654.4248729,10.0,2.23606797749979,0.12534
1776900656.4121168,10.0,2.23606797749979,0.12534
1776900658.4460418,10.0,2.23606797749979,0.12534
1776900660.4722457,10.5,2.29128784747792,0.131607
1776900662.4719741,10.5,2.29128784747792,0.131607
1776900664.501793,6.0,1.7320508075688772,0.075204
1776900666.514123,8.5,2.0615528128088303,0.106539
1776900668.551279,9.0,2.1213203435596424,0.112806
1776900670.5681796,8.5,2.0615528128088303,0.106539
1776900672.562862,9.0,2.1213203435596424,0.112806
1776900674.5801191,12.0,2.449489742783178,0.150408
1776900676.597745,8.0,2.0,0.100272
1776900678.6210742,6.0,1.7320508075688772,0.075204
1776900680.638117,10.0,2.23606797749979,0.12534
1776900682.6669717,13.0,2.5495097567963922,0.162942
1776900684.6554403,9.0,2.1213203435596424,0.112806
1776900686.7132883,6.5,1.8027756377319946,0.081471
1776900688.6968966,11.0,2.345207879911715,0.137874
1776900690.725643,9.5,2.179449471770337,0.119073
1776900692.7698312,12.0,2.449489742783178,0.150408
1776900694.788267,10.0,2.23606797749979,0.12534
1776900696.776636,9.0,2.1213203435596424,0.112806
1776900698.7989378,8.5,2.0615528128088303,0.106539
1776900700.8187203,6.0,1.7320508075688772,0.075204
1776900702.8649864,10.0,2.23606797749979,0.12534
1776900704.8814588,4.0,1.4142135623730951,0.050136
1776900706.8921578,8.0,2.0,0.100272
1776900708.8687649,14.5,2.692582403567252,0.181743
1776900710.9342096,9.0,2.1213203435596424,0.112806
1776900712.9254413,9.0,2.1213203435596424,0.112806
1776900714.94113,9.0,2.1213203435596424,0.112806
1776900716.9533165,7.5,1.9364916731037085,0.094005
1776900718.9832292,6.5,1.8027756377319946,0.081471
1776900720.9988465,10.0,2.23606797749979,0.12534
1776900723.0273254,9.5,2.179449471770337,0.119073
1776900725.0604894,14.0,2.6457513110645907,0.175476
1776900727.0770826,10.0,2.23606797749979,0.12534
1776900729.0522435,8.5,2.0615528128088303,0.106539
1776900731.095842,8.0,2.0,0.100272
1776900733.0842211,4.0,1.4142135623730951,0.050136
1776900735.0977776,10.0,2.23606797749979,0.12534
1776900737.1537795,7.0,1.8708286933869707,0.087738
1776900739.1387255,9.0,2.1213203435596424,0.112806
1776900741.1513746,8.5,2.0615528128088303,0.106539
1776900743.196846,6.0,1.7320508075688772,0.075204
1776900745.2317762,9.0,2.1213203435596424,0.112806
1776900747.247589,6.0,1.7320508075688772,0.075204
1776900749.2317536,7.5,1.9364916731037085,0.094005
1776900751.2700114,5.5,1.6583123951777,0.068937
1776900753.2930593,11.5,2.3979157616563596,0.144141
1776900755.3037937,4.5,1.5,0.056403
1776900757.3401697,5.5,1.6583123951777,0.068937
1776900759.3250177,12.5,2.5,0.156675
1776900761.3494225,8.0,2.0,0.100272
1776900763.3552353,8.0,2.0,0.100272
1776900765.3659406,10.0,2.23606797749979,0.12534
1776900767.3997304,9.5,2.179449471770337,0.119073
1776900769.425752,9.5,2.179449471770337,0.119073
1776900771.4395378,9.0,2.1213203435596424,0.112806
1776900773.4310248,10.0,2.23606797749979,0.12534
1776900775.499841,5.0,1.5811388300841898,0.06267
1776900777.480137,8.5,2.0615528128088303,0.106539
1776900779.5172975,5.0,1.5811388300841898,0.06267
1776900781.5312958,8.5,2.0615528128088303,0.106539
1776900783.5579448,9.0,2.1213203435596424,0.112806
1776900785.5769892,5.5,1.6583123951777,0.068937
1776900787.5649447,9.0,2.1213203435596424,0.112806
1776900789.601489,6.5,1.8027756377319946,0.081471
1776900791.5918443,4.0,1.4142135623730951,0.050136
1776900793.6161544,8.5,2.0615528128088303,0.106539
1776900795.634791,4.5,1.5,0.056403
1776900797.6714077,8.0,2.0,0.100272
1776900799.6885867,11.0,2.345207879911715,0.137874
1776900801.7180603,10.5,2.29128784747792,0.131607
1776900803.7119167,6.5,1.8027756377319946,0.081471
1776900805.7285702,7.5,1.9364916731037085,0.094005
1776900807.7311308,6.0,1.7320508075688772,0.075204
1776900809.7450106,7.5,1.9364916731037085,0.094005
1776900811.8103256,9.0,2.1213203435596424,0.112806
1776900813.8008642,8.5,2.0615528128088303,0.106539
1776900815.828569,5.0,1.5811388300841898,0.06267
1776900817.8220549,7.5,1.9364916731037085,0.094005
1776900819.86361,3.5,1.3228756555322954,0.043869
1776900821.8767335,5.0,1.5811388300841898,0.06267
1776900823.911912,9.5,2.179449471770337,0.119073
1776900825.8883553,4.0,1.4142135623730951,0.050136
1776900827.9206944,6.0,1.7320508075688772,0.075204
1776900829.9476755,9.5,2.179449471770337,0.119073
1776900831.9316208,7.5,1.9364916731037085,0.094005
1776900833.9518723,5.0,1.5811388300841898,0.06267
1776900835.9635935,7.0,1.8708286933869707,0.087738
1776900837.9977782,7.5,1.9364916731037085,0.094005
1776900840.0168033,3.0,1.224744871391589,0.037602
1776900842.0448713,6.0,1.7320508075688772,0.075204
1776900844.0397856,7.5,1.9364916731037085,0.094005
1776900846.0505452,7.5,1.9364916731037085,0.094005
1776900848.0839896,5.0,1.5811388300841898,0.06267
1776900850.0961564,4.0,1.4142135623730951,0.050136
1776900852.109976,3.5,1.3228756555322954,0.043869
1776900854.146086,4.0,1.4142135623730951,0.050136
1776900856.166126,4.0,1.4142135623730951,0.050136
1776900858.1994746,7.5,1.9364916731037085,0.094005
1776900860.2039542,4.0,1.4142135623730951,0.050136
1776900862.216695,5.5,1.6583123951777,0.068937
1776900864.242952,7.5,1.9364916731037085,0.094005
1776900866.2665946,4.0,1.4142135623730951,0.050136
1776900868.2892623,5.0,1.5811388300841898,0.06267
1776900870.270401,4.5,1.5,0.056403
1776900872.3156645,4.5,1.5,0.056403
1776900874.3356755,10.0,2.23606797749979,0.12534
1776900876.3659136,5.5,1.6583123951777,0.068937
1776900878.3487854,5.0,1.5811388300841898,0.06267
1776900880.360713,4.5,1.5,0.056403
1776900882.3997886,6.0,1.7320508075688772,0.075204
1776900884.4199018,6.0,1.7320508075688772,0.075204
1776900886.4389012,6.0,1.7320508075688772,0.075204
1776900888.4541323,7.0,1.8708286933869707,0.087738
1776900890.4643514,4.0,1.4142135623730951,0.050136
1776900892.4983335,4.5,1.5,0.056403
1776900894.4769552,4.0,1.4142135623730951,0.050136
1776900896.4947593,6.5,1.8027756377319946,0.081471
1776900898.5281425,6.0,1.7320508075688772,0.075204
1776900900.5407813,4.5,1.5,0.056403
1776900902.5662665,8.5,2.0615528128088303,0.106539
1776900904.610304,6.0,1.7320508075688772,0.075204
1776900906.5909965,3.5,1.3228756555322954,0.043869
1776900908.632658,6.5,1.8027756377319946,0.081471
1776900910.6448493,9.0,2.1213203435596424,0.112806
1776900912.6663694,5.5,1.6583123951777,0.068937
1776900914.6837862,6.5,1.8027756377319946,0.081471
1776900916.699225,9.0,2.1213203435596424,0.112806
1776900918.7192764,8.0,2.0,0.100272
1776900920.70575,7.0,1.8708286933869707,0.087738
1776900922.730176,4.0,1.4142135623730951,0.050136
1776900924.747376,5.5,1.6583123951777,0.068937
1776900926.7871957,5.0,1.5811388300841898,0.06267
1776900928.8201816,3.5,1.3228756555322954,0.043869
1776900930.833518,4.0,1.4142135623730951,0.050136
1776900932.836697,8.0,2.0,0.100272
1776900934.8468454,8.0,2.0,0.100272
1776900936.862385,6.5,1.8027756377319946,0.081471
1776900938.9050446,11.0,2.345207879911715,0.137874
1776900940.9187567,9.5,2.179449471770337,0.119073
1776900942.9410756,5.5,1.6583123951777,0.068937
1776900944.9161015,7.0,1.8708286933869707,0.087738
1776900946.931543,8.0,2.0,0.100272
1776900948.9647977,8.0,2.0,0.100272
1776900950.9736433,6.0,1.7320508075688772,0.075204
1776900953.0077105,5.5,1.6583123951777,0.068937
1776900955.022621,8.0,2.0,0.100272
1776900957.0355258,7.0,1.8708286933869707,0.087738
1776900959.0678642,4.5,1.5,0.056403
1776900961.082202,4.5,1.5,0.056403
1776900963.112954,8.5,2.0615528128088303,0.106539
1776900965.1026523,7.5,1.9364916731037085,0.094005
1776900967.1171472,7.5,1.9364916731037085,0.094005
1776900969.1604488,8.5,2.0615528128088303,0.106539
1776900971.1415076,4.5,1.5,0.056403
1776900973.1808023,6.0,1.7320508075688772,0.075204
1776900975.1970763,3.0,1.224744871391589,0.037602
1776900977.1944718,9.0,2.1213203435596424,0.112806
1776900979.2134376,6.0,1.7320508075688772,0.075204
1776900981.2268784,5.0,1.5811388300841898,0.06267
1776900983.2697222,5.5,1.6583123951777,0.068937
1776900985.283734,6.0,1.7320508075688772,0.075204
1776900987.2956147,5.0,1.5811388300841898,0.06267
1776900989.3323255,11.0,2.345207879911715,0.137874
1776900991.3468077,3.5,1.3228756555322954,0.043869
1776900993.3360014,7.0,1.8708286933869707,0.087738
1776900995.3472097,6.0,1.7320508075688772,0.075204
1776900997.4191713,8.0,2.0,0.100272
1776900999.392214,8.5,2.0615528128088303,0.106539
1776901001.4082556,10.5,2.29128784747792,0.131607
1776901003.465663,5.0,1.5811388300841898,0.06267
1776901005.4562309,7.5,1.9364916731037085,0.094005
1776901007.4752538,3.5,1.3228756555322954,0.043869
1776901009.5005603,6.5,1.8027756377319946,0.081471
1776901011.533354,7.0,1.8708286933869707,0.087738
1776901013.5070946,6.0,1.7320508075688772,0.075204
1776901015.5707815,6.0,1.7320508075688772,0.075204
1776901017.569146,7.5,1.9364916731037085,0.094005
1776901019.5838559,5.0,1.5811388300841898,0.06267
1776901021.5960138,7.0,1.8708286933869707,0.087738
1776901023.605327,5.0,1.5811388300841898,0.06267
1776901025.6204998,5.5,1.6583123951777,0.068937
1776901027.6589966,9.5,2.179449471770337,0.119073
1776901029.6487317,8.0,2.0,0.100272
1776901031.7117176,5.0,1.5811388300841898,0.06267
1776901033.7087207,7.5,1.9364916731037085,0.094005
1776901035.7198994,5.0,1.5811388300841898,0.06267
1776901037.7625864,5.5,1.6583123951777,0.068937
1776901039.7644618,4.5,1.5,0.056403
1776901041.76142,4.0,1.4142135623730951,0.050136
1776901043.8075418,8.0,2.0,0.100272
1776901045.8225772,5.5,1.6583123951777,0.068937
1776901047.8317473,6.5,1.8027756377319946,0.081471
1776901049.8464656,6.0,1.7320508075688772,0.075204
1776901051.8684273,5.5,1.6583123951777,0.068937
1776901053.8568819,9.0,2.1213203435596424,0.112806
1776901055.8817317,9.0,2.1213203435596424,0.112806
1776901057.9290104,5.5,1.6583123951777,0.068937
1776901059.918823,4.5,1.5,0.056403
1776901061.9292831,8.5,2.0615528128088303,0.106539
1776901063.9489179,5.0,1.5811388300841898,0.06267
1776901065.9910247,10.0,2.23606797749979,0.12534
1776901068.0206397,4.5,1.5,0.056403
1776901070.044875,5.5,1.6583123951777,0.068937
1776901072.0315354,7.5,1.9364916731037085,0.094005
1776901074.0517278,10.5,2.29128784747792,0.131607
1776901076.06781,7.0,1.8708286933869707,0.087738
1776901078.0692432,7.0,1.8708286933869707,0.087738
1776901080.087077,5.5,1.6583123951777,0.068937
1776901082.1088932,4.5,1.5,0.056403
1776901084.156956,6.5,1.8027756377319946,0.081471
1776901086.1679332,9.0,2.1213203435596424,0.112806
1776901088.144854,4.0,1.4142135623730951,0.050136
1776901090.1610289,6.5,1.8027756377319946,0.081471
1776901092.2290902,9.0,2.1213203435596424,0.112806
1776901094.2129698,8.5,2.0615528128088303,0.106539
1776901096.231093,7.5,1.9364916731037085,0.094005
1776901098.273363,9.0,2.1213203435596424,0.112806
1776901100.2555194,9.0,2.1213203435596424,0.112806
1776901102.2647648,9.0,2.1213203435596424,0.112806
1776901104.2948153,7.5,1.9364916731037085,0.094005
1776901106.3195965,7.0,1.8708286933869707,0.087738
1776901108.3521192,9.5,2.179449471770337,0.119073
1776901110.3747394,6.0,1.7320508075688772,0.075204
1776901112.372215,8.0,2.0,0.100272
1776901114.4002922,8.0,2.0,0.100272
1776901116.4172437,8.5,2.0615528128088303,0.106539
1776901118.3995862,16.0,2.8284271247461903,0.200544
1776901120.4201536,6.0,1.7320508075688772,0.075204
1776901122.459482,8.0,2.0,0.100272
1776901124.4871802,7.5,1.9364916731037085,0.094005
1776901126.5085442,9.5,2.179449471770337,0.119073
1776901128.4972427,7.5,1.9364916731037085,0.094005
1776901130.513264,11.0,2.345207879911715,0.137874
1776901132.5606384,8.0,2.0,0.100272
1776901134.580913,7.5,1.9364916731037085,0.094005
1776901136.595786,9.0,2.1213203435596424,0.112806
1776901138.5704916,9.0,2.1213203435596424,0.112806
1776901140.6359668,8.5,2.0615528128088303,0.106539
1776901142.658761,9.0,2.1213203435596424,0.112806
1776901144.6393137,9.5,2.179449471770337,0.119073
1776901146.6505675,9.0,2.1213203435596424,0.112806
1776901148.6748288,7.5,1.9364916731037085,0.094005
1776901150.6945722,8.5,2.0615528128088303,0.106539
1776901152.7202826,6.0,1.7320508075688772,0.075204
1776901154.7528777,10.5,2.29128784747792,0.131607
1776901156.7373698,12.5,2.5,0.156675
1776901158.76227,4.5,1.5,0.056403
1776901160.7856002,10.5,2.29128784747792,0.131607
1776901162.7764218,11.0,2.345207879911715,0.137874
1776901164.7931902,8.5,2.0615528128088303,0.106539
1776901166.8264647,8.5,2.0615528128088303,0.106539
1776901168.8632817,8.0,2.0,0.100272
1776901170.8766959,7.0,1.8708286933869707,0.087738
1776901172.9104578,9.0,2.1213203435596424,0.112806
1776901174.921088,11.0,2.345207879911715,0.137874
1776901176.9358497,8.5,2.0615528128088303,0.106539
1776901178.9218397,9.0,2.1213203435596424,0.112806
1776901180.9389052,12.5,2.5,0.156675
1776901182.9678404,10.5,2.29128784747792,0.131607
1776901184.9997082,8.5,2.0615528128088303,0.106539
1776901187.0119395,9.5,2.179449471770337,0.119073
1776901189.0094588,10.0,2.23606797749979,0.12534
1776901191.0231528,6.5,1.8027756377319946,0.081471
1776901193.0500846,7.0,1.8708286933869707,0.087738
1776901195.0791295,10.5,2.29128784747792,0.131607
1776901197.0840402,11.5,2.3979157616563596,0.144141
1776901199.110818,11.5,2.3979157616563596,0.144141
1776901201.1442451,9.0,2.1213203435596424,0.112806
1776901203.1200235,8.5,2.0615528128088303,0.106539
1776901205.142868,12.0,2.449489742783178,0.150408
1776901207.1558173,11.5,2.3979157616563596,0.144141
1776901209.1849968,11.5,2.3979157616563596,0.144141
1776901211.1953216,12.5,2.5,0.156675
1776901213.2481415,7.5,1.9364916731037085,0.094005
1776901215.241883,9.0,2.1213203435596424,0.112806
1776901217.2572267,9.0,2.1213203435596424,0.112806
1776901219.3054464,7.5,1.9364916731037085,0.094005
1776901221.2934563,9.0,2.1213203435596424,0.112806
1776901223.314669,5.5,1.6583123951777,0.068937
1776901225.33273,7.5,1.9364916731037085,0.094005
1776901227.3767292,11.5,2.3979157616563596,0.144141
1776901229.3534234,8.0,2.0,0.100272
1776901231.3680942,6.5,1.8027756377319946,0.081471
1776901233.3765862,11.5,2.3979157616563596,0.144141
1776901235.3959033,12.5,2.5,0.156675
1776901237.4198806,7.5,1.9364916731037085,0.094005
1776901239.4420614,12.0,2.449489742783178,0.150408
1776901241.4542058,10.5,2.29128784747792,0.131607
1776901243.497857,8.0,2.0,0.100272
1776901245.511634,7.5,1.9364916731037085,0.094005
1776901247.5495486,9.0,2.1213203435596424,0.112806
1776901249.5436242,4.0,1.4142135623730951,0.050136
1776901251.558664,10.0,2.23606797749979,0.12534
1776901253.5436864,5.0,1.5811388300841898,0.06267
1776901255.5692391,8.5,2.0615528128088303,0.106539
1776901257.6102457,7.0,1.8708286933869707,0.087738
1776901259.6314383,10.0,2.23606797749979,0.12534
1776901261.615826,4.5,1.5,0.056403
1776901263.642459,4.0,1.4142135623730951,0.050136
1776901265.6587665,6.0,1.7320508075688772,0.075204
1776901267.6889956,5.0,1.5811388300841898,0.06267
1776901269.7080173,8.0,2.0,0.100272
1776901271.7234433,7.0,1.8708286933869707,0.087738
1776901273.7462106,5.5,1.6583123951777,0.068937
1776901275.757011,7.5,1.9364916731037085,0.094005
1776901277.7669842,5.5,1.6583123951777,0.068937
1776901279.7825882,9.0,2.1213203435596424,0.112806
1776901281.803505,6.0,1.7320508075688772,0.075204
1776901283.798485,6.0,1.7320508075688772,0.075204
1776901285.8667507,8.0,2.0,0.100272
1776901287.8490155,6.5,1.8027756377319946,0.081471
1776901289.8668354,7.0,1.8708286933869707,0.087738
1776901291.8829799,9.5,2.179449471770337,0.119073
1776901293.9129283,6.5,1.8027756377319946,0.081471
1776901295.9232607,8.5,2.0615528128088303,0.106539
1776901297.921855,6.0,1.7320508075688772,0.075204
1776901299.9364552,7.5,1.9364916731037085,0.094005
1776901302.0028973,8.5,2.0615528128088303,0.106539
1776901303.9926507,7.5,1.9364916731037085,0.094005
1776901306.0065618,6.5,1.8027756377319946,0.081471
1776901308.0286307,7.5,1.9364916731037085,0.094005
1776901310.0675733,7.5,1.9364916731037085,0.094005
1776901312.0827072,6.0,1.7320508075688772,0.075204
1776901314.0643914,4.0,1.4142135623730951,0.050136
1776901316.1231458,8.5,2.0615528128088303,0.106539
1776901318.1279397,3.5,1.3228756555322954,0.043869
1776901320.1384842,6.0,1.7320508075688772,0.075204
1776901322.1555333,8.0,2.0,0.100272
1776901324.1795683,7.0,1.8708286933869707,0.087738
1776901326.1943197,10.0,2.23606797749979,0.12534
1776901328.2344182,10.5,2.29128784747792,0.131607
1776901330.2236886,7.0,1.8708286933869707,0.087738
1776901332.2328255,7.5,1.9364916731037085,0.094005
1776901334.253664,10.0,2.23606797749979,0.12534
1776901336.2854862,7.5,1.9364916731037085,0.094005
1776901338.3110542,9.0,2.1213203435596424,0.112806
1776901340.323633,10.0,2.23606797749979,0.12534
1776901342.314188,8.5,2.0615528128088303,0.106539
1776901344.337406,8.0,2.0,0.100272
1776901346.3573644,11.5,2.3979157616563596,0.144141
1776901348.359103,11.0,2.345207879911715,0.137874
1776901350.3797176,13.5,2.598076211353316,0.169209
1776901352.400249,18.0,3.0,0.225612
1776901354.4387925,12.5,2.5,0.156675
1776901356.453894,16.0,2.8284271247461903,0.200544
1776901358.4446394,18.5,3.0413812651491097,0.231879
1776901360.462076,16.0,2.8284271247461903,0.200544
1776901362.4961803,13.0,2.5495097567963922,0.162942
1776901364.5291545,16.5,2.8722813232690143,0.206811
1776901366.5509458,12.5,2.5,0.156675
1776901368.5782642,5.0,1.5811388300841898,0.06267
1776901370.5638275,9.0,2.1213203435596424,0.112806
1776901372.5991943,16.0,2.8284271247461903,0.200544
1776901374.6181464,14.0,2.6457513110645907,0.175476
1776901376.6048439,9.5,2.179449471770337,0.119073
1776901378.6291578,10.0,2.23606797749979,0.12534
1776901380.6442347,9.0,2.1213203435596424,0.112806
1776901382.6940303,13.0,2.5495097567963922,0.162942
1776901384.7052627,5.5,1.6583123951777,0.068937
1776901386.74885,13.5,2.598076211353316,0.169209
1776901388.752179,6.0,1.7320508075688772,0.075204
1776901390.7657933,11.0,2.345207879911715,0.137874
1776901392.800195,11.5,2.3979157616563596,0.144141
1776901394.7880883,8.0,2.0,0.100272
1776901396.8029568,7.5,1.9364916731037085,0.094005
1776901398.8284519,9.0,2.1213203435596424,0.112806
1776901400.8670034,6.0,1.7320508075688772,0.075204
1776901402.8411436,12.0,2.449489742783178,0.150408
1776901404.85953,9.5,2.179449471770337,0.119073
1776901406.8881185,11.0,2.345207879911715,0.137874
1776901408.9173005,8.5,2.0615528128088303,0.106539
1776901410.9317377,7.0,1.8708286933869707,0.087738
1776901412.9216208,4.5,1.5,0.056403
1776901414.9416997,4.0,1.4142135623730951,0.050136
1776901416.9610155,3.5,1.3228756555322954,0.043869
1776901419.0081785,4.5,1.5,0.056403
1776901421.0226047,3.0,1.224744871391589,0.037602
1776901423.053411,5.0,1.5811388300841898,0.06267
1776901425.0761118,5.5,1.6583123951777,0.068937
1776901427.0900247,4.0,1.4142135623730951,0.050136
1776901429.0792246,3.0,1.224744871391589,0.037602
1776901431.088429,3.5,1.3228756555322954,0.043869
1776901433.1348903,6.0,1.7320508075688772,0.075204
1776901435.159527,5.0,1.5811388300841898,0.06267
1776901437.1820292,5.0,1.5811388300841898,0.06267
1776901439.160848,6.5,1.8027756377319946,0.081471
1776901441.1976728,8.0,2.0,0.100272
1776901443.1928878,8.5,2.0615528128088303,0.106539
1776901445.2043126,8.5,2.0615528128088303,0.106539
1776901447.2263258,5.0,1.5811388300841898,0.06267
1776901449.2584796,8.0,2.0,0.100272
1776901451.2773862,10.5,2.29128784747792,0.131607
1776901453.306771,8.5,2.0615528128088303,0.106539
1776901455.3255534,4.5,1.5,0.056403
1776901457.3461373,5.5,1.6583123951777,0.068937
1776901459.3683865,9.5,2.179449471770337,0.119073
1776901461.3820264,9.0,2.1213203435596424,0.112806
1776901463.41428,9.5,2.179449471770337,0.119073
1776901465.3833,5.5,1.6583123951777,0.068937
1776901467.403858,5.0,1.5811388300841898,0.06267
1776901469.4504917,12.0,2.449489742783178,0.150408
1776901471.4655929,8.0,2.0,0.100272
1776901473.4839911,6.5,1.8027756377319946,0.081471
1776901475.50981,4.0,1.4142135623730951,0.050136
1776901477.538683,7.0,1.8708286933869707,0.087738
1776901479.517272,9.0,2.1213203435596424,0.112806
1776901481.5619328,9.0,2.1213203435596424,0.112806
1776901483.540079,12.5,2.5,0.156675
1776901485.5611093,10.5,2.29128784747792,0.131607
1776901487.5987017,7.0,1.8708286933869707,0.087738
1776901489.6188142,13.5,2.598076211353316,0.169209
1776901491.6418447,9.5,2.179449471770337,0.119073
1776901493.6468878,5.5,1.6583123951777,0.068937
1776901495.673109,7.5,1.9364916731037085,0.094005
1776901497.7213202,9.5,2.179449471770337,0.119073
1776901499.6932654,5.0,1.5811388300841898,0.06267
1776901501.7042801,11.5,2.3979157616563596,0.144141
1776901503.7508345,7.5,1.9364916731037085,0.094005
1776901505.7389379,4.0,1.4142135623730951,0.050136
1776901507.758952,4.5,1.5,0.056403
1776901509.774415,7.0,1.8708286933869707,0.087738
1776901511.80397,4.0,1.4142135623730951,0.050136
1776901513.8327022,9.0,2.1213203435596424,0.112806
1776901515.8591208,6.5,1.8027756377319946,0.081471
1776901517.864206,6.5,1.8027756377319946,0.081471
1776901519.879596,7.0,1.8708286933869707,0.087738
1776901521.8903415,6.5,1.8027756377319946,0.081471
1776901523.9162602,10.0,2.23606797749979,0.12534
1776901525.9303212,9.5,2.179449471770337,0.119073
1776901527.9678664,8.0,2.0,0.100272
1776901529.98566,9.5,2.179449471770337,0.119073
1776901531.9994402,6.5,1.8027756377319946,0.081471
1776901533.9820073,11.0,2.345207879911715,0.137874
1776901536.0010962,10.0,2.23606797749979,0.12534
1776901538.033852,7.5,1.9364916731037085,0.094005
1776901540.0476606,12.0,2.449489742783178,0.150408
1776901542.0647182,12.5,2.5,0.156675
1776901544.073755,16.5,2.8722813232690143,0.206811
1776901546.138425,12.5,2.5,0.156675
1776901548.1275003,14.0,2.6457513110645907,0.175476
1776901550.1646926,18.0,3.0,0.225612
1776901552.1790326,12.0,2.449489742783178,0.150408
1776901554.1582768,20.0,3.1622776601683795,0.25068
1776901556.186656,16.5,2.8722813232690143,0.206811
1776901558.2180595,14.0,2.6457513110645907,0.175476
1776901560.234955,9.5,2.179449471770337,0.119073
1776901562.2808433,11.5,2.3979157616563596,0.144141
1776901564.2890568,9.5,2.179449471770337,0.119073
1776901566.3066556,9.5,2.179449471770337,0.119073
1776901568.2963457,9.0,2.1213203435596424,0.112806
1776901570.3145602,8.5,2.0615528128088303,0.106539
1776901572.3353496,6.5,1.8027756377319946,0.081471
1776901574.3703938,11.5,2.3979157616563596,0.144141
1776901576.3973885,9.5,2.179449471770337,0.119073
1776901578.3972068,7.5,1.9364916731037085,0.094005
1776901580.411552,5.5,1.6583123951777,0.068937
1776901582.4344144,8.0,2.0,0.100272
1776901584.4709682,7.5,1.9364916731037085,0.094005
1776901586.484457,7.5,1.9364916731037085,0.094005
1776901588.4608645,6.0,1.7320508075688772,0.075204
1776901590.5082946,7.5,1.9364916731037085,0.094005
1776901592.533817,4.5,1.5,0.056403
1776901594.5557647,5.5,1.6583123951777,0.068937
1776901596.5509653,4.5,1.5,0.056403
1776901598.593878,6.0,1.7320508075688772,0.075204
1776901600.6109414,6.0,1.7320508075688772,0.075204
1776901602.6117105,5.0,1.5811388300841898,0.06267
1776901604.626789,6.0,1.7320508075688772,0.075204
1776901606.6424825,4.5,1.5,0.056403
1776901608.6315103,8.5,2.0615528128088303,0.106539
1776901610.6960304,9.5,2.179449471770337,0.119073
1776901612.6698954,6.0,1.7320508075688772,0.075204
1776901614.6926036,5.5,1.6583123951777,0.068937
1776901616.7030249,10.0,2.23606797749979,0.12534
1776901618.7566833,7.0,1.8708286933869707,0.087738
1776901620.7663717,8.0,2.0,0.100272
1776901622.7927735,2.5,1.118033988749895,0.031335
1776901624.8088205,6.5,1.8027756377319946,0.081471
1776901626.8259153,4.5,1.5,0.056403
1776901628.7982054,8.5,2.0615528128088303,0.106539
1776901630.8620439,8.0,2.0,0.100272
1776901632.834698,5.5,1.6583123951777,0.068937
1776901634.8792355,10.0,2.23606797749979,0.12534
1776901636.8932123,7.5,1.9364916731037085,0.094005
1776901638.9241915,4.0,1.4142135623730951,0.050136
1776901640.9101083,9.5,2.179449471770337,0.119073
1776901642.9348795,5.0,1.5811388300841898,0.06267
1776901644.9475093,9.0,2.1213203435596424,0.112806
1776901646.9801855,10.5,2.29128784747792,0.131607
1776901649.0003285,13.0,2.5495097567963922,0.162942
1776901651.0210028,6.0,1.7320508075688772,0.075204
1776901653.026198,8.0,2.0,0.100272
1776901655.0394573,8.0,2.0,0.100272
1776901657.0533156,8.0,2.0,0.100272
1776901659.0812345,11.5,2.3979157616563596,0.144141
1776901661.1006255,12.0,2.449489742783178,0.150408
1776901663.0872998,4.0,1.4142135623730951,0.050136
1776901665.1022851,8.5,2.0615528128088303,0.106539
1776901667.1229005,11.5,2.3979157616563596,0.144141
1776901669.160706,10.0,2.23606797749979,0.12534
1776901671.1782546,6.0,1.7320508075688772,0.075204
1776901673.1794364,9.5,2.179449471770337,0.119073
1776901675.226382,7.5,1.9364916731037085,0.094005
1776901677.239463,7.0,1.8708286933869707,0.087738
1776901679.2285192,7.5,1.9364916731037085,0.094005
1776901681.2807674,9.0,2.1213203435596424,0.112806
1776901683.2998862,3.5,1.3228756555322954,0.043869
1776901685.269953,5.0,1.5811388300841898,0.06267
1776901687.2901073,7.5,1.9364916731037085,0.094005
1776901689.3197343,8.0,2.0,0.100272
1776901691.3436432,4.0,1.4142135623730951,0.050136
1776901693.3686616,6.5,1.8027756377319946,0.081471
1776901695.3967118,6.5,1.8027756377319946,0.081471
1776901697.389275,8.5,2.0615528128088303,0.106539
1776901699.42982,7.0,1.8708286933869707,0.087738
1776901701.4457626,7.5,1.9364916731037085,0.094005
1776901703.449585,6.5,1.8027756377319946,0.081471
1776901705.480403,6.5,1.8027756377319946,0.081471
1776901707.5088818,9.0,2.1213203435596424,0.112806
1776901709.5262065,9.0,2.1213203435596424,0.112806
1776901711.519588,3.0,1.224744871391589,0.037602
1776901713.5397172,8.5,2.0615528128088303,0.106539
1776901715.5598216,7.0,1.8708286933869707,0.087738
1776901717.5503304,3.5,1.3228756555322954,0.043869
1776901719.586921,7.5,1.9364916731037085,0.094005
1776901721.6012979,6.5,1.8027756377319946,0.081471
1776901723.60369,6.5,1.8027756377319946,0.081471
1776901725.6208544,7.5,1.9364916731037085,0.094005
1776901727.6627502,7.0,1.8708286933869707,0.087738
1776901729.6971326,4.0,1.4142135623730951,0.050136
1776901731.7187068,9.5,2.179449471770337,0.119073
1776901733.6882315,9.0,2.1213203435596424,0.112806
1776901735.7315824,6.5,1.8027756377319946,0.081471
1776901737.7645802,7.0,1.8708286933869707,0.087738
1776901739.7798433,6.0,1.7320508075688772,0.075204
1776901741.7722185,4.5,1.5,0.056403
1776901743.7978413,6.5,1.8027756377319946,0.081471
1776901745.816957,5.5,1.6583123951777,0.068937
1776901747.8608603,7.0,1.8708286933869707,0.087738
1776901749.8284023,6.5,1.8027756377319946,0.081471
1776901751.893962,8.5,2.0615528128088303,0.106539
1776901753.8760953,6.0,1.7320508075688772,0.075204
1776901755.8935692,4.5,1.5,0.056403
1776901757.929142,7.5,1.9364916731037085,0.094005
1776901759.9499168,7.0,1.8708286933869707,0.087738
1776901761.965132,8.5,2.0615528128088303,0.106539
1776901763.948564,5.0,1.5811388300841898,0.06267
1776901765.9659486,6.5,1.8027756377319946,0.081471
1776901768.0001106,6.0,1.7320508075688772,0.075204
1776901770.0443673,7.5,1.9364916731037085,0.094005
1776901772.0579557,6.5,1.8027756377319946,0.081471
1776901774.0398648,3.5,1.3228756555322954,0.043869
1776901776.0935,8.5,2.0615528128088303,0.106539
1776901778.080827,5.0,1.5811388300841898,0.06267
1776901780.1061714,2.0,1.0,0.025068
1776901782.1474237,7.0,1.8708286933869707,0.087738
1776901784.1678233,5.0,1.5811388300841898,0.06267
1776901786.1452525,5.5,1.6583123951777,0.068937
1776901788.1931133,5.0,1.5811388300841898,0.06267
1776901790.2128048,9.5,2.179449471770337,0.119073
1776901792.2315652,9.5,2.179449471770337,0.119073
1776901794.214717,7.0,1.8708286933869707,0.087738
1776901796.2320285,10.5,2.29128784747792,0.131607
1776901798.2732923,7.0,1.8708286933869707,0.087738
1776901800.2972236,8.0,2.0,0.100272
1776901802.3185732,7.0,1.8708286933869707,0.087738
1776901804.2991729,6.5,1.8027756377319946,0.081471
1776901806.3266563,7.5,1.9364916731037085,0.094005
1776901808.3648438,7.5,1.9364916731037085,0.094005
1776901810.3607945,7.0,1.8708286933869707,0.087738
1776901812.3923526,8.0,2.0,0.100272
1776901814.4206195,6.0,1.7320508075688772,0.075204
1776901816.443759,13.0,2.5495097567963922,0.162942
1776901818.4170024,5.0,1.5811388300841898,0.06267
1776901820.43956,8.5,2.0615528128088303,0.106539
1776901822.493631,6.5,1.8027756377319946,0.081471
1776901824.468719,5.0,1.5811388300841898,0.06267
1776901826.4974234,6.0,1.7320508075688772,0.075204
1776901828.5337334,10.0,2.23606797749979,0.12534
1776901830.5553892,6.0,1.7320508075688772,0.075204
1776901832.5368223,6.5,1.8027756377319946,0.081471
1776901834.5614607,8.0,2.0,0.100272
1776901836.5816374,6.0,1.7320508075688772,0.075204
1776901838.6157632,8.0,2.0,0.100272
1776901840.6432064,7.0,1.8708286933869707,0.087738
1776901842.6481984,4.0,1.4142135623730951,0.050136
1776901844.6755152,4.5,1.5,0.056403
1776901846.6936674,10.0,2.23606797749979,0.12534
1776901848.6830459,12.5,2.5,0.156675
1776901850.7338965,7.0,1.8708286933869707,0.087738
1776901852.705397,13.0,2.5495097567963922,0.162942
1776901854.7250812,8.0,2.0,0.100272
1776901856.7472947,7.5,1.9364916731037085,0.094005
1776901858.772349,9.0,2.1213203435596424,0.112806
1776901860.8026288,9.5,2.179449471770337,0.119073
1776901862.8035538,7.5,1.9364916731037085,0.094005
1776901864.83143,10.5,2.29128784747792,0.131607
1776901866.8519268,6.5,1.8027756377319946,0.081471
1776901868.8879874,7.0,1.8708286933869707,0.087738
1776901870.8595805,12.0,2.449489742783178,0.150408
1776901872.8888607,8.5,2.0615528128088303,0.106539
1776901874.9220865,5.5,1.6583123951777,0.068937
1776901876.9421265,4.0,1.4142135623730951,0.050136
1776901878.9732795,3.5,1.3228756555322954,0.043869
1776901880.9918487,5.5,1.6583123951777,0.068937
1776901882.9895065,6.0,1.7320508075688772,0.075204
1776901885.0077078,6.5,1.8027756377319946,0.081471
1776901887.0254283,5.5,1.6583123951777,0.068937
1776901889.0550473,7.5,1.9364916731037085,0.094005
1776901891.0718784,8.0,2.0,0.100272
1776901893.0507286,7.0,1.8708286933869707,0.087738
1776901895.0861678,6.5,1.8027756377319946,0.081471
1776901897.098242,5.5,1.6583123951777,0.068937
1776901899.1288302,4.5,1.5,0.056403
1776901901.1579564,3.5,1.3228756555322954,0.043869
1776901903.135718,7.5,1.9364916731037085,0.094005
1776901905.202119,7.0,1.8708286933869707,0.087738
1776901907.1878521,7.0,1.8708286933869707,0.087738
1776901909.2147038,10.5,2.29128784747792,0.131607
1776901911.2342968,7.5,1.9364916731037085,0.094005
1776901913.2355413,8.0,2.0,0.100272
1776901915.2532032,8.5,2.0615528128088303,0.106539
1776901917.269051,5.0,1.5811388300841898,0.06267
1776901919.3060815,10.0,2.23606797749979,0.12534
1776901921.318795,6.0,1.7320508075688772,0.075204
1776901923.3487267,8.0,2.0,0.100272
1776901925.3700824,8.0,2.0,0.100272
1776901927.3949056,4.5,1.5,0.056403
1776901929.38666,8.5,2.0615528128088303,0.106539
1776901931.3824084,8.0,2.0,0.100272
1776901933.4189553,6.5,1.8027756377319946,0.081471
1776901935.423164,8.5,2.0615528128088303,0.106539
1776901937.4463856,6.0,1.7320508075688772,0.075204
1776901939.4709234,10.0,2.23606797749979,0.12534
1776901941.4681203,4.0,1.4142135623730951,0.050136
1776901943.5000558,7.5,1.9364916731037085,0.094005
1776901945.5161755,3.5,1.3228756555322954,0.043869
1776901947.5655572,7.5,1.9364916731037085,0.094005
1776901949.583206,5.0,1.5811388300841898,0.06267
1776901951.601629,7.5,1.9364916731037085,0.094005
1776901953.5933495,11.0,2.345207879911715,0.137874
1776901955.6118658,11.0,2.345207879911715,0.137874
1776901957.649961,6.5,1.8027756377319946,0.081471
1776901959.671908,7.0,1.8708286933869707,0.087738
1776901961.6400633,6.5,1.8027756377319946,0.081471
1776901963.6738904,7.0,1.8708286933869707,0.087738
1776901965.6856673,5.5,1.6583123951777,0.068937
1776901967.727108,6.5,1.8027756377319946,0.081471
1776901969.7130692,6.5,1.8027756377319946,0.081471
1776901971.732555,7.0,1.8708286933869707,0.087738
1776901973.7597861,7.5,1.9364916731037085,0.094005
1776901975.7953014,7.5,1.9364916731037085,0.094005
1776901977.8186128,5.5,1.6583123951777,0.068937
1776901979.8411493,7.0,1.8708286933869707,0.087738
1776901981.8205876,3.5,1.3228756555322954,0.043869
1776901983.84524,5.5,1.6583123951777,0.068937
1776901985.8666801,7.5,1.9364916731037085,0.094005
1776901987.8713937,6.5,1.8027756377319946,0.081471
1776901989.8901594,11.0,2.345207879911715,0.137874
1776901991.9105287,11.0,2.345207879911715,0.137874
1776901993.951432,8.5,2.0615528128088303,0.106539
1776901995.976883,8.0,2.0,0.100272
1776901997.9610872,9.5,2.179449471770337,0.119073
1776901999.979198,7.0,1.8708286933869707,0.087738
1776902002.041236,10.0,2.23606797749979,0.12534
1776902004.0196512,7.5,1.9364916731037085,0.094005
1776902006.0382693,8.5,2.0615528128088303,0.106539
1776902008.0897033,6.0,1.7320508075688772,0.075204
1776902010.0743065,5.5,1.6583123951777,0.068937
1776902012.0945833,9.0,2.1213203435596424,0.112806
1776902014.1163003,6.0,1.7320508075688772,0.075204
1776902016.1525195,9.0,2.1213203435596424,0.112806
1776902018.1356533,7.0,1.8708286933869707,0.087738
1776902020.162113,9.0,2.1213203435596424,0.112806
1776902022.1922653,7.0,1.8708286933869707,0.087738
1776902024.2213802,8.0,2.0,0.100272
1776902026.238581,11.0,2.345207879911715,0.137874
1776902028.254181,10.0,2.23606797749979,0.12534
1776902030.2830918,5.0,1.5811388300841898,0.06267
1776902032.3047917,5.0,1.5811388300841898,0.06267
1776902034.296466,5.0,1.5811388300841898,0.06267
1776902036.3159783,9.0,2.1213203435596424,0.112806
1776902038.3366234,9.5,2.179449471770337,0.119073
1776902040.3602204,6.0,1.7320508075688772,0.075204
1776902042.3798776,8.5,2.0615528128088303,0.106539
1776902044.4031854,8.5,2.0615528128088303,0.106539
1776902046.4238398,5.5,1.6583123951777,0.068937
1776902048.3999548,5.0,1.5811388300841898,0.06267
1776902050.4270422,9.0,2.1213203435596424,0.112806
1776902052.4524386,6.0,1.7320508075688772,0.075204
1776902054.4692817,7.0,1.8708286933869707,0.087738
1776902056.494283,9.5,2.179449471770337,0.119073
1776902058.5271392,6.0,1.7320508075688772,0.075204
1776902060.5458121,6.5,1.8027756377319946,0.081471
1776902062.5683022,4.5,1.5,0.056403
1776902064.589511,6.0,1.7320508075688772,0.075204
1776902066.5710108,8.5,2.0615528128088303,0.106539
1776902068.5934978,8.0,2.0,0.100272
1776902070.6210306,7.0,1.8708286933869707,0.087738
1776902072.6162944,7.5,1.9364916731037085,0.094005
1776902074.631946,8.0,2.0,0.100272
1776902076.6510272,5.5,1.6583123951777,0.068937
1776902078.669487,11.0,2.345207879911715,0.137874
1776902080.691161,6.5,1.8027756377319946,0.081471
1776902082.7309206,9.0,2.1213203435596424,0.112806
1776902084.7540894,8.0,2.0,0.100272
1776902086.7313454,4.5,1.5,0.056403
1776902088.7651224,6.0,1.7320508075688772,0.075204
1776902090.7938826,4.0,1.4142135623730951,0.050136
1776902092.8209374,4.5,1.5,0.056403
1776902094.8038065,8.0,2.0,0.100272
1776902096.8231025,5.5,1.6583123951777,0.068937
1776902098.8473003,9.0,2.1213203435596424,0.112806
1776902100.8816915,8.5,2.0615528128088303,0.106539
1776902102.86457,3.0,1.224744871391589,0.037602
1776902104.9354372,6.5,1.8027756377319946,0.081471
1776902106.926719,4.0,1.4142135623730951,0.050136
1776902108.948755,8.0,2.0,0.100272
1776902110.97013,6.0,1.7320508075688772,0.075204
1776902112.9677753,6.5,1.8027756377319946,0.081471
1776902114.9850707,5.5,1.6583123951777,0.068937
1776902117.0082448,5.0,1.5811388300841898,0.06267
1776902119.0213923,8.0,2.0,0.100272
1776902121.0365481,4.5,1.5,0.056403
1776902123.0717545,5.0,1.5811388300841898,0.06267
1776902125.0825477,8.0,2.0,0.100272
1776902127.1043904,7.0,1.8708286933869707,0.087738
1776902129.1111248,4.0,1.4142135623730951,0.050136
1776902131.129115,4.5,1.5,0.056403
1776902133.1551538,4.5,1.5,0.056403
1776902135.141107,5.0,1.5811388300841898,0.06267
1776902137.1556792,4.0,1.4142135623730951,0.050136
1776902139.1789625,6.5,1.8027756377319946,0.081471
1776902141.207636,5.5,1.6583123951777,0.068937
1776902143.237976,8.0,2.0,0.100272
1776902145.2297382,3.5,1.3228756555322954,0.043869
1776902147.2503457,8.0,2.0,0.100272
1776902149.2723663,5.0,1.5811388300841898,0.06267
1776902151.3057096,8.0,2.0,0.100272
1776902153.2882593,7.5,1.9364916731037085,0.094005
1776902155.3210633,6.0,1.7320508075688772,0.075204
1776902157.3444493,8.0,2.0,0.100272
1776902159.3724673,6.5,1.8027756377319946,0.081471
1776902161.401269,3.5,1.3228756555322954,0.043869
1776902163.4060311,5.5,1.6583123951777,0.068937
1776902165.4252644,5.0,1.5811388300841898,0.06267
1776902167.4335778,5.0,1.5811388300841898,0.06267
1776902169.4659262,10.5,2.29128784747792,0.131607
1776902171.4832268,6.5,1.8027756377319946,0.081471
1776902173.4609714,5.0,1.5811388300841898,0.06267
1776902175.4801462,8.0,2.0,0.100272
1776902177.5097532,5.5,1.6583123951777,0.068937
1776902179.5116825,5.5,1.6583123951777,0.068937
1776902181.527433,6.5,1.8027756377319946,0.081471
1776902183.5549836,6.0,1.7320508075688772,0.075204
1776902185.5743892,9.5,2.179449471770337,0.119073
1776902187.610836,9.0,2.1213203435596424,0.112806
1776902189.6006641,7.5,1.9364916731037085,0.094005
1776902191.647763,6.5,1.8027756377319946,0.081471
1776902193.6298268,6.0,1.7320508075688772,0.075204
1776902195.6494637,5.0,1.5811388300841898,0.06267
1776902197.675994,5.0,1.5811388300841898,0.06267
1776902199.6960323,4.0,1.4142135623730951,0.050136
1776902201.7302403,7.0,1.8708286933869707,0.087738
1776902203.7321868,4.5,1.5,0.056403
1776902205.7464957,4.0,1.4142135623730951,0.050136
1776902207.786975,7.5,1.9364916731037085,0.094005
1776902209.7596188,5.0,1.5811388300841898,0.06267
1776902211.777749,7.0,1.8708286933869707,0.087738
1776902213.819,8.0,2.0,0.100272
1776902215.8548555,7.5,1.9364916731037085,0.094005
1776902217.8324192,7.0,1.8708286933869707,0.087738
1776902219.8527822,5.5,1.6583123951777,0.068937
1776902221.8683712,6.5,1.8027756377319946,0.081471
1776902223.9073174,7.5,1.9364916731037085,0.094005
1776902225.9415052,9.0,2.1213203435596424,0.112806
1776902227.9133308,7.5,1.9364916731037085,0.094005
1776902229.9331899,10.5,2.29128784747792,0.131607
1776902231.950725,9.0,2.1213203435596424,0.112806
1776902233.9760664,9.5,2.179449471770337,0.119073
1776902235.9755683,8.0,2.0,0.100272
1776902238.0048614,7.5,1.9364916731037085,0.094005
1776902240.0307963,4.5,1.5,0.056403
1776902242.049746,6.0,1.7320508075688772,0.075204
1776902244.0741878,4.0,1.4142135623730951,0.050136
1776902246.0986605,8.5,2.0615528128088303,0.106539
1776902248.0809453,10.5,2.29128784747792,0.131607
1776902250.0978498,10.0,2.23606797749979,0.12534
1776902252.1144533,11.0,2.345207879911715,0.137874
1776902254.1580307,6.5,1.8027756377319946,0.081471
1776902256.1809077,8.5,2.0615528128088303,0.106539
1776902258.2150116,6.5,1.8027756377319946,0.081471
1776902260.2055712,6.5,1.8027756377319946,0.081471
1776902262.2194228,6.5,1.8027756377319946,0.081471
1776902264.2639496,9.5,2.179449471770337,0.119073
1776902266.268275,5.5,1.6583123951777,0.068937
1776902268.2978203,7.0,1.8708286933869707,0.087738
1776902270.3094857,8.0,2.0,0.100272
1776902272.338231,8.0,2.0,0.100272
1776902274.31654,5.0,1.5811388300841898,0.06267
1776902276.337589,5.0,1.5811388300841898,0.06267
1776902278.366302,6.0,1.7320508075688772,0.075204
1776902280.3883903,5.5,1.6583123951777,0.068937
1776902282.4034328,5.5,1.6583123951777,0.068937
1776902284.3961363,7.0,1.8708286933869707,0.087738
1776902286.4075506,9.0,2.1213203435596424,0.112806
1776902288.4584687,3.0,1.224744871391589,0.037602
1776902290.4379318,6.5,1.8027756377319946,0.081471
1776902292.46603,6.5,1.8027756377319946,0.081471
1776902294.488184,6.0,1.7320508075688772,0.075204
1776902296.5306377,4.5,1.5,0.056403
1776902298.5085208,6.5,1.8027756377319946,0.081471
1776902300.529089,6.5,1.8027756377319946,0.081471
1776902302.581113,7.5,1.9364916731037085,0.094005
1776902304.5679224,3.5,1.3228756555322954,0.043869
1776902306.5885344,10.0,2.23606797749979,0.12534
1776902308.6275601,4.0,1.4142135623730951,0.050136
1776902310.6395102,9.0,2.1213203435596424,0.112806
1776902312.6278908,6.0,1.7320508075688772,0.075204
1776902314.6714773,8.5,2.0615528128088303,0.106539
1776902316.6880107,4.0,1.4142135623730951,0.050136
1776902318.7154896,7.5,1.9364916731037085,0.094005
1776902320.7128217,8.0,2.0,0.100272
1776902322.7326808,6.0,1.7320508075688772,0.075204
1776902324.7497299,5.5,1.6583123951777,0.068937
1776902326.780839,6.5,1.8027756377319946,0.081471
1776902328.752358,6.0,1.7320508075688772,0.075204
1776902330.7679818,7.0,1.8708286933869707,0.087738
1776902332.8312132,6.5,1.8027756377319946,0.081471
1776902334.8480923,6.0,1.7320508075688772,0.075204
1776902336.8279939,5.0,1.5811388300841898,0.06267
1776902338.8622212,6.0,1.7320508075688772,0.075204
1776902340.8782597,5.0,1.5811388300841898,0.06267
1776902342.9170592,8.5,2.0615528128088303,0.106539
1776902344.9110975,8.5,2.0615528128088303,0.106539
1776902346.9265292,5.0,1.5811388300841898,0.06267
1776902348.9222991,5.0,1.5811388300841898,0.06267
1776902350.9358168,6.0,1.7320508075688772,0.075204
1776902352.984768,9.0,2.1213203435596424,0.112806
1776902354.9699116,10.0,2.23606797749979,0.12534
1776902356.9883409,6.5,1.8027756377319946,0.081471
1776902359.0052376,6.0,1.7320508075688772,0.075204
1776902361.040902,12.0,2.449489742783178,0.150408
1776902363.0639658,7.5,1.9364916731037085,0.094005
1776902365.0819416,4.0,1.4142135623730951,0.050136
1776902367.1106172,4.5,1.5,0.056403
1776902369.1394546,4.0,1.4142135623730951,0.050136
1776902371.1493278,6.5,1.8027756377319946,0.081471
1776902373.161414,8.0,2.0,0.100272
1776902375.172465,9.5,2.179449471770337,0.119073
1776902377.1937253,7.0,1.8708286933869707,0.087738
1776902379.2166545,8.0,2.0,0.100272
1776902381.2329688,6.0,1.7320508075688772,0.075204
1776902383.2103426,8.0,2.0,0.100272
1776902385.2275698,6.5,1.8027756377319946,0.081471
1776902387.296897,10.0,2.23606797749979,0.12534
1776902389.285546,7.0,1.8708286933869707,0.087738
1776902391.304319,10.0,2.23606797749979,0.12534
1776902393.3371239,4.0,1.4142135623730951,0.050136
1776902395.35897,7.5,1.9364916731037085,0.094005
1776902397.3774092,6.5,1.8027756377319946,0.081471
1776902399.3706522,6.0,1.7320508075688772,0.075204
1776902401.383776,6.0,1.7320508075688772,0.075204
1776902403.4033434,5.5,1.6583123951777,0.068937
1776902405.3959413,7.5,1.9364916731037085,0.094005
1776902407.4146066,9.0,2.1213203435596424,0.112806
1776902409.4482768,5.5,1.6583123951777,0.068937
1776902411.464966,4.0,1.4142135623730951,0.050136
1776902413.5005293,7.5,1.9364916731037085,0.094005
1776902415.5124078,5.5,1.6583123951777,0.068937
1776902417.5483541,6.0,1.7320508075688772,0.075204
1776902419.564922,7.0,1.8708286933869707,0.087738
1776902421.582012,4.5,1.5,0.056403
1776902423.5665643,7.5,1.9364916731037085,0.094005
1776902425.5884736,7.0,1.8708286933869707,0.087738
1776902427.6196005,5.5,1.6583123951777,0.068937
1776902429.635747,6.0,1.7320508075688772,0.075204
1776902431.6445947,7.5,1.9364916731037085,0.094005
1776902433.6804786,9.0,2.1213203435596424,0.112806
1776902435.6929033,7.0,1.8708286933869707,0.087738
1776902437.678758,3.5,1.3228756555322954,0.043869
1776902439.716577,7.0,1.8708286933869707,0.087738
1776902441.7273524,4.0,1.4142135623730951,0.050136
1776902443.7532976,6.0,1.7320508075688772,0.075204
1776902445.785513,9.0,2.1213203435596424,0.112806
1776902447.7589817,8.5,2.0615528128088303,0.106539
1776902449.8232179,4.0,1.4142135623730951,0.050136
1776902451.8148396,5.0,1.5811388300841898,0.06267
1776902453.8437753,6.5,1.8027756377319946,0.081471
1776902455.857858,5.5,1.6583123951777,0.068937
1776902457.8553143,6.0,1.7320508075688772,0.075204
1776902459.8682978,7.5,1.9364916731037085,0.094005
1776902461.879939,4.0,1.4142135623730951,0.050136
1776902463.9194858,8.0,2.0,0.100272
1776902465.9316895,5.0,1.5811388300841898,0.06267
1776902467.9776835,7.0,1.8708286933869707,0.087738
1776902469.993492,7.0,1.8708286933869707,0.087738
1776902472.0098956,8.5,2.0615528128088303,0.106539
1776902473.999868,4.0,1.4142135623730951,0.050136
1776902476.0128148,7.5,1.9364916731037085,0.094005
1776902478.0390146,6.0,1.7320508075688772,0.075204
1776902480.0824187,9.0,2.1213203435596424,0.112806
1776902482.0981586,7.5,1.9364916731037085,0.094005
1776902484.069581,4.5,1.5,0.056403
1776902486.100755,7.5,1.9364916731037085,0.094005
1776902488.1318002,7.0,1.8708286933869707,0.087738
1776902490.160045,5.5,1.6583123951777,0.068937
1776902492.1460984,3.5,1.3228756555322954,0.043869
1776902494.1688232,5.0,1.5811388300841898,0.06267
1776902496.1924057,7.5,1.9364916731037085,0.094005
1776902498.185323,4.0,1.4142135623730951,0.050136
1776902500.2024994,10.5,2.29128784747792,0.131607
1776902502.2764194,7.5,1.9364916731037085,0.094005
1776902504.273471,5.0,1.5811388300841898,0.06267
1776902506.2861645,5.5,1.6583123951777,0.068937
1776902508.2728817,5.5,1.6583123951777,0.068937
1776902510.3374362,2.5,1.118033988749895,0.031335
1776902512.3557,5.0,1.5811388300841898,0.06267
1776902514.3480654,3.5,1.3228756555322954,0.043869
1776902516.3703585,3.5,1.3228756555322954,0.043869
1776902518.4105203,3.5,1.3228756555322954,0.043869
1776902520.3992348,4.5,1.5,0.056403
1776902522.416797,5.0,1.5811388300841898,0.06267
1776902524.4408085,7.0,1.8708286933869707,0.087738
1776902526.4644198,6.5,1.8027756377319946,0.081471
1776902528.4527931,4.5,1.5,0.056403
1776902530.489128,3.5,1.3228756555322954,0.043869
1776902532.496668,6.0,1.7320508075688772,0.075204
1776902534.515484,9.0,2.1213203435596424,0.112806
1776902536.5270548,4.5,1.5,0.056403
1776902538.5621073,3.5,1.3228756555322954,0.043869
1776902540.5785325,4.0,1.4142135623730951,0.050136
1776902542.6031141,7.0,1.8708286933869707,0.087738
1776902544.6193833,8.0,2.0,0.100272
1776902546.633808,5.5,1.6583123951777,0.068937
1776902548.6142635,6.5,1.8027756377319946,0.081471
1776902550.6277037,4.5,1.5,0.056403
1776902552.6544645,4.5,1.5,0.056403
1776902554.679545,6.0,1.7320508075688772,0.075204
1776902556.704611,5.0,1.5811388300841898,0.06267
1776902558.7075315,6.5,1.8027756377319946,0.081471
1776902560.7440836,9.5,2.179449471770337,0.119073
1776902562.7645097,3.5,1.3228756555322954,0.043869
1776902564.7843642,6.5,1.8027756377319946,0.081471
1776902566.804169,5.5,1.6583123951777,0.068937
1776902568.7791138,6.0,1.7320508075688772,0.075204
1776902570.8094451,5.0,1.5811388300841898,0.06267
1776902572.8187182,4.0,1.4142135623730951,0.050136
1776902574.8359427,9.0,2.1213203435596424,0.112806
1776902576.8498652,8.0,2.0,0.100272
1776902578.9075613,8.0,2.0,0.100272
1776902580.9253142,3.0,1.224744871391589,0.037602
1776902582.9178755,6.5,1.8027756377319946,0.081471
