time,concentration,particles03,particles05,particles10,particles25,particles50,particles100,['Time'],['Temperature'],['Gas'],['Relative Humidity'],['Pressure'],['Altitude']
0,0,117,30,2,1,0,0,15:02:52,34.126875,18728,100,702.8021413906823,2981.2681602637194
1,0,111,27,2,0,0,0,15:02:53,22.4075390625,7980,46.71729864909436,1008.8752175531826,36.486887603355726
2,0,111,27,2,0,0,0,15:02:54,22.445234375,10745,46.64835650166129,1008.8882457729983,36.37803864715876
3,0,111,27,2,0,0,0,15:02:55,22.490546875,13135,46.54976503731493,1008.8967828809384,36.30671292040333
4,0,117,30,2,0,0,0,15:02:56,22.53546875,15238,46.451173429377064,1008.9080991521279,36.21216862717089
5,0,117,30,2,0,0,0,15:02:57,22.57609375,17078,46.36433635123575,1008.9191190387173,36.12010136990341
6,0,117,30,2,0,0,0,15:02:58,22.61359375,18897,46.28937775980121,1008.9214818449263,36.1003610652136
7,0,117,31,2,0,0,0,15:02:59,22.647578125,20751,46.23844793090532,1008.9214146710262,36.10092227587447
8,0,117,31,2,0,0,0,15:03:00,22.6774609375,22562,46.16263267564385,1008.9162218471137,36.144306302792515
9,0,117,31,2,0,0,0,15:03:01,22.7051953125,24356,46.11709493128948,1008.9074417353993,36.21766113729923
10,0,126,34,3,1,0,0,15:03:02,22.731171875,26133,46.08355892169493,1008.9060452936523,36.22932797878194
11,0,126,34,3,1,0,0,15:03:03,22.7567578125,28113,46.080480273933986,1008.9125939659991,36.17461594772788
12,0,126,34,3,1,0,0,15:03:04,22.7784375,29792,46.076940616280126,1008.9109065323323,36.18871388059058
13,0,141,40,3,1,0,0,15:03:05,22.796015625,31564,46.03631863516641,1008.9144178815291,36.15937777690981
14,0,141,40,3,1,0,0,15:03:06,22.8128125,33373,46.00780830004129,1008.9114651257712,36.1840470207769
15,0,141,40,3,1,0,0,15:03:07,22.8290234375,35077,45.95484515118407,1008.9109741929391,36.18814859892916
16,0,159,47,3,1,0,0,15:03:08,22.8438671875,36802,45.90173513613759,1008.9150830616156,36.1538204374978
17,0,159,47,3,1,0,0,15:03:09,22.85734375,38421,45.88503975506676,1008.9186317206874,36.12417272258428
18,0,159,47,3,1,0,0,15:03:10,22.870625,39921,45.86832254300139,1008.9149731555708,36.154738662608175
19,0,165,49,4,1,0,0,15:03:11,22.883125,41626,45.85760780262099,1008.9203326264145,36.10996232343132
20,0,165,49,4,1,0,0,15:03:12,22.8923046875,43303,45.82213184512125,1008.9201556208136,36.111441134786965
21,0,165,49,4,1,0,0,15:03:13,22.9020703125,44975,45.79282250764066,1008.9175145414724,36.13350632659789
22,0,147,44,4,1,0,0,15:03:14,22.9118359375,46471,45.73915799841805,1008.9148729570826,36.1555757846795
23,0,147,44,4,1,0,0,15:03:15,22.9216015625,48208,45.685508936024206,1008.9070697834973,36.220768679813915
24,0,147,44,4,1,0,0,15:03:16,22.9309765625,49548,45.64400147879926,1008.8986147014313,36.291408512260944
25,0,144,43,4,1,0,0,15:03:17,22.9387890625,51183,45.58406633342271,1008.89099484669,36.35507066599376
26,0,144,43,4,1,0,0,15:03:18,22.946796875,52796,45.524173818939616,1008.8923022865057,36.34414727595382
27,0,144,43,4,1,0,0,15:03:19,22.9540234375,54127,45.488531383903876,1008.8854252301536,36.401603791994674
28,1,144,46,4,1,0,0,15:03:20,22.962421875,55453,45.4347947583821,1008.8787809668316,36.45711566713645
29,1,144,46,4,1,0,0,15:03:21,22.9704296875,56962,45.42357390678221,1008.8800874579288,36.44620009644122
30,1,144,46,4,1,0,0,15:03:22,22.9782421875,58310,45.40625248293503,1008.8776270737234,36.466756310120324
31,1,165,52,3,1,0,0,15:03:23,22.992109375,59134,45.42003168549173,1008.8680544238556,36.54673503293095
32,1,165,52,3,1,0,0,15:03:24,23.0067578125,60545,45.51295430727556,1008.8615034323625,36.60146839620959
33,0,165,52,3,1,0,0,15:03:25,23.02296875,61659,45.65480657311533,1008.8696002031231,36.533820129376714
34,0,174,50,3,1,0,0,15:03:26,23.0364453125,63194,45.77818394197318,1008.86797612288,36.547389233841045
35,0,174,50,3,1,0,0,15:03:27,23.045625,64658,45.82191409616216,1008.8643506748396,36.57767972412201
36,0,174,50,3,1,0,0,15:03:28,23.0555859375,65775,45.80480851138337,1008.8620270177215,36.597093843593285
37,0,183,53,4,1,0,0,15:03:29,23.0653515625,67362,45.80595944616473,1008.8645395023633,36.57610207465968
38,0,183,53,4,1,0,0,15:03:30,23.0829296875,67744,45.79584530886638,1008.8697494075526,36.53257353515334
39,0,183,53,4,1,0,0,15:03:31,23.1065625,68296,45.963224316458906,1008.8695627800512,36.53413279696108
40,0,198,52,4,0,0,0,15:03:32,23.1235546875,69892,46.20326528604871,1008.8703514910842,36.52754316421078
41,0,198,52,4,0,0,0,15:03:33,23.1313671875,71260,46.363065760491466,1008.873047813225,36.50501558808793
42,0,198,52,4,0,0,0,15:03:34,23.14015625,73062,46.33966025093194,1008.8704878765061,36.526403672722246
43,0,207,55,5,0,0,0,15:03:35,23.1473828125,74162,46.26107430962033,1008.8790909129214,36.454526105054036
44,0,207,55,5,0,0,0,15:03:36,23.1512890625,75773,46.13327878570952,1008.8942065413393,36.32823764001912
45,0,207,55,5,0,0,0,15:03:37,23.151875,77169,45.95638386716687,1008.8900202539725,36.36321319462015
46,0,213,53,5,0,0,0,15:03:38,23.1512890625,78178,45.77343923108977,1008.8907646020401,36.35699431374809
47,0,213,53,5,0,0,0,15:03:39,23.14875,79363,45.58437383986404,1008.8985793124125,36.29170417856642
48,0,213,53,5,0,0,0,15:03:40,23.1450390625,81053,45.41361904563583,1008.8975568346967,36.30024672501383
49,0,207,51,4,0,0,0,15:03:41,23.142109375,82085,45.26134944957288,1008.8789060980386,36.45607021096349
50,0,207,51,4,0,0,0,15:03:42,23.1378125,83476,45.11512632284243,1008.845930235507,36.731583205476646
51,0,207,51,4,0,0,0,15:03:43,23.1337109375,84317,44.9872454711778,1008.8184430458673,36.9612439664267
52,0,201,49,5,0,0,0,15:03:44,23.128828125,85522,44.87755215855317,1008.7896540867928,37.2017866940275
53,0,201,49,5,0,0,0,15:03:45,23.1235546875,86762,44.75577291632134,1008.7550518036526,37.49090931557063
54,0,201,49,5,0,0,0,15:03:46,23.11671875,87947,44.68232351243553,1008.7161251404641,37.81617429850685
55,1,234,55,6,1,0,0,15:03:47,23.1034375,88975,44.60211239053094,1008.6922704459238,38.015505340198715
56,1,234,55,6,1,0,0,15:03:48,23.0925,90221,44.516164909594,1008.6619970974967,38.268476476184524
57,1,234,55,6,1,0,0,15:03:49,23.082734375,91303,44.47271364595307,1008.6233525615437,38.59140813365312
58,0,225,50,5,1,0,0,15:03:50,23.072578125,92106,44.41714198446457,1008.5926615770566,38.847883365632484
59,0,225,50,5,1,0,0,15:03:51,23.0618359375,93130,44.36756459695944,1008.5609947167493,39.11252031923698
60,0,225,50,5,1,0,0,15:03:52,23.053046875,93756,44.33634854107761,1008.5239796511975,39.4218602460985
61,0,204,45,5,1,0,0,15:03:53,23.043671875,94817,44.29299332255075,1008.4894302495507,39.710602579905746
62,0,204,45,5,1,0,0,15:03:54,23.0333203125,94473,44.29180543498682,1008.4498130061214,40.04170863015952
63,0,204,45,5,1,0,0,15:03:55,23.0231640625,94847,44.24837396967743,1008.4277280347563,40.226291103412336
64,0,186,42,5,1,0,0,15:03:57,23.007734375,96209,44.24056814776499,1008.4054592258519,40.412413374041975
65,0,186,42,5,1,0,0,15:03:58,22.991328125,97214,44.23868785270288,1008.385004253886,40.58337856336306
66,0,186,42,5,1,0,0,15:03:59,22.9766796875,98356,44.224936783876046,1008.3743599936288,40.672345719854285
67,0,192,44,4,1,0,0,15:04:00,22.9598828125,98820,44.22904870701976,1008.3618557864232,40.77685970874721
68,0,192,44,4,1,0,0,15:04:01,22.94484375,99881,44.23336211359293,1008.3505596229675,40.87127740065787
69,0,192,44,4,1,0,0,15:04:02,22.9313671875,100722,44.24389083631004,1008.34186658019,40.94393778886457
70,1,183,45,6,2,0,0,15:04:03,22.9196484375,102196,44.26065808867139,1008.3361021650559,40.99211966067273
71,1,183,45,6,2,0,0,15:04:04,22.9102734375,102635,44.277695171154534,1008.339403694518,40.96452379484372
72,1,183,45,6,2,0,0,15:04:05,22.903046875,103459,44.30705617961448,1008.3445645428426,40.9213869409515
73,1,210,45,6,2,0,0,15:04:06,22.89953125,104492,44.31873019150344,1008.3455873026322,40.91283824366686
74,1,210,45,6,2,0,0,15:04:07,22.9016796875,105082,44.427709630720955,1008.3577687608341,40.81102054640452
75,1,210,45,6,2,0,0,15:04:08,22.90578125,106620,44.7669118445196,1008.3646035580044,40.75389290335691
76,2,294,67,14,3,0,0,15:04:09,22.9106640625,108979,44.55568797354772,1008.3813417266039,40.61399071645115
77,2,294,67,14,3,0,0,15:04:10,22.9266796875,110343,44.35808226611034,1008.3925473159939,40.52033238913165
78,2,294,67,14,3,0,0,15:04:11,22.94328125,112190,44.05219859890613,1008.399567558228,40.461656373889134
79,2,282,63,14,3,0,0,15:04:12,22.9598828125,112719,43.75889396638693,1008.3893826361757,40.54678326566479
80,2,282,63,14,3,0,0,15:04:13,22.9784375,114491,43.44828311203359,1008.3669661254513,40.73414580508616
81,2,282,63,14,3,0,0,15:04:14,22.9969921875,115677,43.16822137770647,1008.3497083886921,40.87839237981546
82,2,297,65,13,3,0,0,15:04:15,23.0247265625,115997,42.88365374825722,1008.3443015363295,40.92358527163598
83,2,297,65,13,3,0,0,15:04:16,23.0508984375,116888,42.5874215827282,1008.3259635541974,41.076863794542255
84,2,297,65,13,3,0,0,15:04:17,23.0700390625,118041,42.36851178049902,1008.3199972070884,41.126734155936205
85,1,273,60,12,2,0,0,15:04:18,23.077265625,118291,42.1843422295514,1008.3165501103264,41.15554719813513
86,1,273,60,12,2,0,0,15:04:19,23.0864453125,119814,41.94103181035301,1008.3111942721848,41.20031488133641
87,1,273,60,12,2,0,0,15:04:20,23.098359375,120158,41.75189701835038,1008.3017892505661,41.27892881861463
88,1,264,59,12,2,0,0,15:04:21,23.1044140625,121114,41.597984897848725,1008.3015510764844,41.280919656656465
89,1,264,59,12,2,0,0,15:04:22,23.0973828125,121996,41.48435189782648,1008.3104871011998,41.206225904571234
90,1,264,59,12,2,0,0,15:04:23,23.0899609375,123799,41.36482384463209,1008.3153304069511,41.165742279125666
91,1,294,64,12,2,0,0,15:04:24,23.0778515625,124258,41.27452683637218,1008.3226884879767,41.10423876226306
92,1,294,64,12,2,0,0,15:04:25,23.0606640625,124628,41.2015148719832,1008.3284681022288,41.05592932855126
93,1,294,64,12,2,0,0,15:04:26,23.0301953125,125187,41.115253859180896,1008.3258834132184,41.07753366004915
94,1,294,66,12,2,0,0,15:04:27,22.9977734375,127086,41.04659934489804,1008.3217611594556,41.1119899432921
95,1,294,66,12,2,0,0,15:04:28,22.9438671875,127376,40.96382895447609,1008.3317285501236,41.028676675885016
96,1,294,66,12,2,0,0,15:04:29,22.8805859375,127863,40.915597774915675,1008.3415409473545,40.946659585425536
97,2,303,66,13,2,0,0,15:04:30,22.8192578125,128846,40.87942976176905,1008.3494283623814,40.880732960221486
98,2,303,66,13,2,0,0,15:04:31,22.741328125,130249,40.859233606215604,1008.3451071006988,40.916851991675436
99,2,303,66,13,2,0,0,15:04:32,22.6501171875,131786,40.819893466334676,1008.3358185689259,40.9944901050671
100,1,327,70,11,1,0,0,15:04:33,22.555,132726,40.8274317801775,1008.3303000047722,41.04061725058787
101,0,327,70,11,1,0,0,15:04:34,22.481171875,132306,40.85498338964564,1008.332728857803,41.0203155574191
102,0,327,70,11,1,0,0,15:04:35,22.4173046875,133573,40.924983809639386,1008.350021625173,40.87577421513095
103,0,312,65,10,1,0,0,15:04:36,22.3380078125,134215,40.96378302572957,1008.3553150749634,40.83152939397278
104,0,312,65,10,1,0,0,15:04:37,22.25578125,134972,41.03775837601336,1008.3694421182031,40.713450701851755
105,0,312,65,10,1,0,0,15:04:38,22.1743359375,135518,41.09408973512687,1008.3710916638454,40.699663318677864
106,0,198,38,3,0,0,0,15:04:39,22.09640625,136846,41.1981577548237,1008.3802932184418,40.622754378975415
107,0,198,38,3,0,0,0,15:04:40,22.013984375,136512,41.32548217773697,1008.3785362336046,40.63743966237724
108,0,198,38,3,0,0,0,15:04:41,21.9425,135628,41.495558420479966,1008.3709477095227,40.700866530127065
109,0,222,44,6,0,0,0,15:04:42,21.8751171875,137070,41.719645694739754,1008.3684633522416,40.72163152161634
110,0,222,44,6,0,0,0,15:04:43,21.8044140625,136846,41.907981049805464,1008.3690062874734,40.71709350514815
111,0,222,44,6,0,0,0,15:04:44,21.7301953125,137183,42.17942380379934,1008.3688121443597,40.71871621163565
112,0,216,44,6,0,0,0,15:04:45,21.65109375,139235,42.420926519811104,1008.3638792340541,40.759947043300706
113,0,216,44,6,0,0,0,15:04:46,21.5633984375,139583,42.63195363136462,1008.3514445326297,40.863880953410074
114,0,216,44,6,0,0,0,15:04:47,21.4753125,139467,42.819269440329286,1008.3554918857926,40.83005153989657
115,1,249,49,7,0,0,0,15:04:48,21.3950390625,141112,42.98370728768133,1008.3536655185692,40.845317041683664
116,1,249,49,7,0,0,0,15:04:49,21.3001171875,141112,43.11075896909962,1008.3462336938281,40.90743541201577
117,1,249,49,7,0,0,0,15:04:50,21.2153515625,143162,43.21506544125542,1008.3402781463918,40.957214692684566
118,1,240,46,7,0,0,0,15:04:51,21.1415234375,143040,43.31464421025119,1008.3456919520628,40.91196353593201
119,1,240,46,7,0,0,0,15:04:52,21.0673046875,144646,43.43219876136706,1008.3452817747609,40.9153919855688
120,1,240,46,7,0,0,0,15:04:53,20.99171875,144272,43.591639542185106,1008.3459944588536,40.9094350464322
121,0,216,43,7,0,0,0,15:04:54,20.9284375,144646,43.80060406962444,1008.3517963385424,40.86094041304167
122,0,216,43,7,0,0,0,15:04:55,20.8700390625,145399,44.034392127149374,1008.3520155425994,40.859108214641736
123,0,216,43,7,0,0,0,15:04:56,20.8196484375,145147,44.25131577051043,1008.3535917946771,40.845933255690355
124,0,216,41,7,0,0,0,15:04:57,20.7684765625,145652,44.48045960758489,1008.3624245973893,40.77210538990943
125,0,216,41,7,0,0,0,15:04:58,20.7192578125,145526,44.69803921106338,1008.3573622206188,40.81441856265121
126,0,216,41,7,0,0,0,15:04:59,20.6723828125,147707,44.92218275656869,1008.3562052425322,40.82408902735658
127,0,198,38,6,0,0,0,15:05:00,20.6315625,148230,45.153339422540164,1008.3514399576079,40.86391919335359
128,0,198,38,6,0,0,0,15:05:01,20.587421875,148493,45.372293024561785,1008.3479771388904,40.89286291910106
129,0,198,38,6,0,0,0,15:05:02,20.5430859375,148757,45.54296900462042,1008.3407517691937,40.95325592071175
130,0,183,39,8,1,0,0,15:05:03,20.4962109375,149420,45.707437459091,1008.337845706869,40.97754624051029
131,0,183,39,8,1,0,0,15:05:04,20.4493359375,150090,45.87812152134357,1008.3366440678941,40.98759015555835
132,0,183,39,8,1,0,0,15:05:05,20.4048046875,150765,46.00667113393854,1008.341062991674,40.950654571200054
133,0,162,41,8,1,0,0,15:05:06,20.364765625,152411,46.099329238097226,1008.3426982829623,40.936986018515654
134,0,162,41,8,1,0,0,15:05:07,20.3282421875,152273,46.174182842848914,1008.3433477689455,40.93155730663615
135,0,162,41,8,1,0,0,15:05:08,20.2930859375,152968,46.23704893492443,1008.341136114914,40.95004337153533
136,0,183,48,8,1,0,0,15:05:09,20.2591015625,153670,46.31224631922589,1008.346017577529,40.90924181004056
137,0,183,48,8,1,0,0,15:05:10,20.2266796875,153670,46.3937438046472,1008.3466522334238,40.90393706918282
138,0,183,48,8,1,0,0,15:05:11,20.1880078125,154663,46.48673604870827,1008.3522533201217,40.857120771881895
139,0,198,51,6,1,0,0,15:05:12,20.14953125,154663,46.57979364193386,1008.3598865432599,40.7933193411492
140,0,198,51,6,1,0,0,15:05:13,20.104609375,153952,46.702646798461736,1008.361876667376,40.77668517847826
141,0,198,51,6,1,0,0,15:05:14,20.057734375,155669,46.81313740959854,1008.3520288049776,40.85899736219454
142,1,219,57,9,1,0,0,15:05:15,20.01515625,157425,46.918081829530024,1008.3527812861331,40.85270781520578
143,1,219,57,9,1,0,0,15:05:16,19.970625,157425,46.96174652108366,1008.3502602491391,40.873779694251716
144,1,219,57,9,1,0,0,15:05:17,19.9286328125,159221,47.005716203418075,1008.3519759285177,40.85943932553928
145,1,204,57,8,1,0,0,15:05:18,19.8940625,159676,47.00778372894098,1008.3575316645835,40.81300228603694
146,1,204,57,8,1,0,0,15:05:19,19.8598828125,160134,46.991567918177374,1008.3568858276245,40.81840043614592
147,1,204,57,8,1,0,0,15:05:20,19.8235546875,159676,46.9751051967729,1008.344081816186,40.92542179507566
148,1,231,66,8,1,0,0,15:05:22,19.787421875,161368,46.95866959348007,1008.3487201391348,40.88665259723886
149,1,231,66,8,1,0,0,15:05:23,19.7512890625,161836,46.923918018874424,1008.3465044665946,40.905172170895064
150,1,231,66,8,1,0,0,15:05:24,19.719453125,163255,46.901888867805454,1008.3480453775178,40.89229255057763
151,1,246,69,12,1,0,0,15:05:25,19.69015625,164538,46.88016096785039,1008.3452691521674,40.915497491002135
152,1,246,69,12,1,0,0,15:05:26,19.6641796875,163894,46.86492824809302,1008.3463306685802,40.90662485316557
153,1,246,69,12,1,0,0,15:05:27,19.63546875,165187,46.85548336992768,1008.3411043117294,40.950309198042206
154,1,240,69,12,1,0,0,15:05:28,19.608125,164055,46.901131399205795,1008.3381614073041,40.974907455911996
155,1,240,69,12,1,0,0,15:05:29,19.5817578125,165187,46.94690285125509,1008.341983208846,40.94296295038449
156,1,240,69,12,1,0,0,15:05:30,19.5555859375,164538,46.99881433307695,1008.346128298304,40.9083163555596
157,1,249,70,12,1,0,0,15:05:31,19.528828125,164862,47.04456126161312,1008.3390219412942,40.96771467910398
158,1,249,70,12,1,0,0,15:05:32,19.4962109375,166999,47.05908534324879,1008.3306682191312,41.03753950935519
159,1,249,70,12,1,0,0,15:05:33,19.462421875,168173,47.06736443244339,1008.3306172753349,41.037965325996126
160,1,234,62,9,0,0,0,15:05:34,19.427265625,168342,47.099923950354516,1008.3351184290229,41.00034224193187
161,1,234,62,9,0,0,0,15:05:35,19.39640625,169021,47.132989078732294,1008.3331141129354,41.01709538619091
162,1,234,62,9,0,0,0,15:05:36,19.3676953125,168173,47.19075961345772,1008.3312782005839,41.03244094574399
163,1,234,62,10,0,0,0,15:05:37,19.344453125,169363,47.20027307806863,1008.3317446734416,41.02854190832807
164,1,234,62,10,0,0,0,15:05:38,19.3212109375,169534,47.23424183692162,1008.3407626158395,40.953165259136235
165,1,234,62,10,0,0,0,15:05:39,19.2985546875,170570,47.26828426017721,1008.3336506502604,41.0126107180463
166,1,258,68,12,0,0,0,15:05:40,19.279609375,171619,47.339466884426585,1008.3310350674323,41.03447318730152
167,1,258,68,12,0,0,0,15:05:41,19.2602734375,171093,47.36167772082402,1008.3346069464919,41.004617483518224
168,1,258,68,12,0,0,0,15:05:42,19.2346875,171795,47.4015170501952,1008.3448249925063,40.91920998206142
169,1,243,65,11,0,0,0,15:05:43,19.20734375,171619,47.428917205076495,1008.3452560939793,40.91560663733577
170,1,243,65,11,0,0,0,15:05:44,19.185078125,173395,47.48140047483882,1008.3439186711762,40.92678543737018
171,1,243,65,11,0,0,0,15:05:45,19.1680859375,173037,47.53451503267062,1008.3411412041404,40.95000083330599
172,1,219,59,9,0,0,0,15:05:46,19.1481640625,172680,47.575050276768586,1008.3368808164088,40.98561128924074
173,1,219,59,9,0,0,0,15:05:47,19.124921875,172680,47.65809226371544,1008.3339037752442,41.01049496367757
174,1,219,59,9,0,0,0,15:05:48,19.100703125,174116,47.7349248070576,1008.3344209183434,41.00617240563457
175,1,219,61,9,0,0,0,15:05:49,19.0805859375,174661,47.812269656376294,1008.3298283775513,41.04455937559404
176,1,219,61,9,0,0,0,15:05:50,19.064765625,174843,47.92083101538999,1008.323874697659,41.09432370198357
177,1,219,61,9,0,0,0,15:05:51,19.0481640625,175761,48.017084162708585,1008.318322819685,41.14072974813864
178,1,219,61,10,0,0,0,15:05:52,19.0337109375,175577,48.11364068470283,1008.3163655105476,41.157090203550965
179,1,219,61,10,0,0,0,15:05:53,19.0184765625,175209,48.1855715454597,1008.3267797051154,41.070041926882794
180,1,219,61,10,0,0,0,15:05:54,19.001875,176130,48.28810992799623,1008.3229346749799,41.1021809811368
181,1,210,60,10,0,0,0,15:05:55,18.988984375,176688,48.38499238612374,1008.3235894953581,41.09670759500609
182,1,210,60,10,0,0,0,15:05:56,18.978046875,175577,48.50062546722649,1008.3189630772282,41.135378067170585
183,1,210,60,10,0,0,0,15:05:57,18.96828125,175393,48.634953305767226,1008.3248468335804,41.0861980071337
184,1,231,60,10,0,0,0,15:05:58,18.9596875,175945,48.812685316103675,1008.3275618994062,41.063503892805876
185,1,231,60,10,0,0,0,15:05:59,18.948359375,176502,49.00878736535275,1008.3256999919957,41.07906680283155
186,1,231,60,10,0,0,0,15:06:00,18.93546875,177436,49.167835217747495,1008.3280614015946,41.059328765620045
187,1,237,64,11,1,0,0,15:06:01,18.928046875,176874,49.278207223782715,1008.3327364804552,41.02025184314783
188,1,237,64,11,1,0,0,15:06:02,18.922578125,178571,49.351763213631564,1008.33897060113,40.96814380593212
189,1,237,64,11,1,0,0,15:06:03,18.9141796875,177813,49.431184378503886,1008.3437201643344,40.92844465063842
190,2,258,74,14,2,0,0,15:06:04,18.903046875,178002,49.5165012075789,1008.3438924098738,40.9270049416366
191,2,258,74,14,2,0,0,15:06:05,18.890546875,179144,49.570723405083825,1008.3520334736677,40.85895833934946
192,2,258,74,14,2,0,0,15:06:06,18.8798046875,179336,49.66854335160311,1008.3631159396164,40.76632691532468
193,1,264,76,14,2,0,0,15:06:07,18.872578125,180690,49.74204264264062,1008.3664057313598,40.73882975567345
194,1,264,76,14,2,0,0,15:06:08,18.8665234375,178953,49.81571314860531,1008.366528134642,40.73780667025059
195,1,264,76,14,2,0,0,15:06:09,18.8596875,179336,49.907931704917274,1008.3738904032065,40.676270681286255
196,0,228,65,12,2,0,0,15:06:10,18.8503125,180108,50.00609629665953,1008.3787115023754,40.63597472474964
197,1,228,65,12,2,0,0,15:06:11,18.8415234375,182263,50.07332972163216,1008.3810939117652,40.61606200687435
198,1,228,65,12,2,0,0,15:06:12,18.833515625,182462,50.11583339892339,1008.3796552707213,40.62808649036708
199,1,213,60,12,2,0,0,15:06:13,18.825703125,182661,50.15837025910667,1008.3853812225875,40.58022778686458
200,1,213,60,12,2,0,0,15:06:14,18.819453125,183060,50.207321636020694,1008.3851752176744,40.58194961520977
201,1,213,60,12,2,0,0,15:06:15,18.8122265625,183864,50.24373411148449,1008.3867530885358,40.56876147697075
202,1,246,65,14,2,0,0,15:06:16,18.8044140625,183260,50.28629943299869,1008.3856403705835,40.57806177891071
203,1,246,65,14,2,0,0,15:06:17,18.7946484375,183060,50.372173716658786,1008.384676477679,40.586118180362064
204,1,246,65,14,2,0,0,15:06:18,18.7876171875,184675,50.40241986652499,1008.3831617334606,40.59877871516408
205,1,237,61,14,2,0,0,15:06:19,18.785078125,184879,50.426997176577466,1008.3874578928682,40.56287059662182
206,1,237,61,14,2,0,0,15:06:20,18.7801953125,185698,50.42640062348161,1008.3895396035867,40.54547130651831
207,1,237,61,14,2,0,0,15:06:21,18.7731640625,184879,50.431763903114515,1008.3794777309449,40.629570408473
208,1,219,53,13,2,0,0,15:06:22,18.7659375,186318,50.430881053979036,1008.3759261323145,40.65925552758013
209,1,219,53,13,2,0,0,15:06:23,18.76125,185083,50.442753322802595,1008.3697879373588,40.71056024305792
210,1,219,53,13,2,0,0,15:06:24,18.7555859375,185493,50.49807345371147,1008.3722705463649,40.68980988622323
211,1,198,46,9,2,0,0,15:06:25,18.75109375,186007,50.5224238958647,1008.3750056058597,40.66694952381986
212,1,198,46,9,2,0,0,15:06:26,18.7469921875,185171,50.54059914115285,1008.373266726176,40.68148354179361
213,1,198,46,9,2,0,0,15:06:27,18.7423046875,187490,50.54002566958544,1008.3773838330527,40.64707170251441
214,1,186,48,9,2,0,0,15:06:28,18.7344921875,186640,50.55774838497098,1008.3796873854222,40.62781806836093
215,1,186,48,9,2,0,0,15:06:29,18.7284375,186958,50.619282382488066,1008.3695506553303,40.71254351635039
216,1,186,48,9,2,0,0,15:06:30,18.7262890625,188563,50.600334620428946,1008.3659537586832,40.7426074874145
217,1,186,41,8,1,0,0,15:06:31,18.7247265625,189213,50.569006666615806,1008.3616286342746,40.77875832559687
218,1,186,41,8,1,0,0,15:06:32,18.7243359375,189868,50.531602056148415,1008.355847052784,40.82708291588615
219,1,186,41,8,1,0,0,15:06:33,18.7219921875,187811,50.518864936958295,1008.3485048117722,40.88845239738102
220,0,171,36,8,0,0,0,15:06:34,18.7200390625,189213,50.55598003365685,1008.3486533259936,40.88721105062193
221,0,171,36,8,0,0,0,15:06:35,18.716328125,188563,50.60534305322829,1008.3373130396305,40.98199854537509
222,0,171,36,8,0,0,0,15:06:36,18.7133984375,190969,50.66727481259772,1008.3392449499796,40.96585066092349
223,0,159,31,7,0,0,0,15:06:37,18.710859375,188779,50.69188580483238,1008.3384124537547,40.97280908263333
224,0,159,31,7,0,0,0,15:06:38,18.708125,189213,50.760103997327775,1008.3440895743869,40.92535694840883
225,0,159,31,7,0,0,0,15:06:39,18.70734375,188348,50.8597688053328,1008.3393633050872,40.96486138985082
226,0,165,34,7,0,0,0,15:06:40,18.701484375,188996,50.99006744159834,1008.3415176256602,40.94685451944095
227,0,165,34,7,0,0,0,15:06:41,18.6923046875,189213,51.11380369351157,1008.3364037400788,40.98959893989877
228,0,165,34,7,0,0,0,15:06:42,18.686640625,188779,51.225557841082015,1008.3423028421897,40.94029130142161
229,0,165,36,7,0,0,0,15:06:43,18.681953125,188348,51.381278272096665,1008.344709442365,40.92017580359472
230,0,165,36,7,0,0,0,15:06:44,18.6782421875,189649,51.53725270104594,1008.3453327653548,40.91496578278259
231,0,165,36,7,0,0,0,15:06:45,18.675703125,189758,51.64338954210284,1008.356463395029,40.82193128942002
232,0,141,31,4,0,0,0,15:06:47,18.6721875,191413,51.67427367709067,1008.3574135490254,40.813989540437
233,0,141,31,4,0,0,0,15:06:48,18.669453125,192532,51.642612697966705,1008.3579626176311,40.8094002186682
234,0,141,31,4,0,0,0,15:06:49,18.6680859375,192870,51.567294768066105,1008.3590916636874,40.79996323375114
235,0,156,38,8,0,0,0,15:06:50,18.6675,193892,51.47958889952113,1008.3717830419299,40.69388458460078
236,0,156,38,8,0,0,0,15:06:51,18.6659375,193209,51.416826273108775,1008.376003124179,40.65861201008181
237,0,156,38,8,0,0,0,15:06:52,18.660859375,194809,51.35365062847546,1008.3863001110778,40.5725475451316
238,1,165,41,11,1,0,0,15:06:53,18.6548046875,194235,51.33414184841766,1008.384707586857,40.585858163796495
239,1,165,41,11,1,0,0,15:06:54,18.6536328125,195503,51.29648370946129,1008.3878725012937,40.559405226990116
240,1,165,41,11,1,0,0,15:06:55,18.6508984375,195852,51.233641355095585,1008.3850031845084,40.58338750143106
241,1,162,40,11,1,0,0,15:06:56,18.6442578125,196319,51.126614917898685,1008.3824293543721,40.60490009142727
242,1,162,40,11,1,0,0,15:06:57,18.63625,196906,51.03821188970656,1008.3724392903684,40.68839947703477
243,1,162,40,11,1,0,0,15:06:58,18.6321484375,196906,50.94409509309963,1008.3706986485363,40.70294825350088
244,1,198,51,19,1,0,0,15:06:59,18.6278515625,197971,50.843768785918414,1008.3720488198699,40.69166313806758
245,1,198,51,19,1,0,0,15:07:00,18.621796875,198448,50.74951633683598,1008.3721645558569,40.6906957843901
246,1,198,51,19,1,0,0,15:07:01,18.6175,198808,50.68667777087579,1008.3718055798807,40.693696206073156
247,1,186,54,19,1,0,0,15:07:02,18.61359375,199894,50.617681910104196,1008.3738095009486,40.67694688398747
248,1,186,54,19,1,0,0,15:07:03,18.6098828125,200136,50.55496251300315,1008.3778492646277,40.64318151273666
249,1,186,54,19,1,0,0,15:07:04,18.606171875,199530,50.51716040753848,1008.3784711428194,40.637983706530626
250,1,210,57,19,1,0,0,15:07:05,18.6051953125,200380,50.4797004001304,1008.3700004105572,40.70878432961791
251,1,210,57,19,1,0,0,15:07:06,18.6005078125,199772,50.42313226089047,1008.3655693219384,40.74582073338385
252,1,210,57,19,1,0,0,15:07:07,18.596015625,199772,50.41014337961268,1008.3648829594439,40.75155757434754
253,1,225,62,19,1,0,0,15:07:08,18.589765625,200015,50.40316125634272,1008.3680885534143,40.72476420444328
254,1,225,62,19,1,0,0,15:07:09,18.5852734375,200380,50.39639379707543,1008.3674019708563,40.730502873158336
255,1,225,62,19,1,0,0,15:07:10,18.5784375,201237,50.4328826091969,1008.3713348708641,40.69763052508698
256,2,255,70,22,1,0,0,15:07:11,18.5723828125,201730,50.46325155760208,1008.3680316802696,40.7252395676001
257,2,255,70,22,1,0,0,15:07:12,18.570625,201607,50.469259199628645,1008.3650882644491,40.74984156800654
258,2,255,70,22,1,0,0,15:07:13,18.5692578125,203224,50.475314682989925,1008.3662165239832,40.740411211087476
259,2,279,78,22,1,0,0,15:07:14,18.5676953125,202848,50.4875692194813,1008.3636001498344,40.762279722766515
260,2,279,78,22,1,0,0,15:07:15,18.5661328125,201730,50.524719174649796,1008.3678189068819,40.727017992926
261,2,279,78,22,1,0,0,15:07:16,18.563984375,201730,50.56180513873079,1008.3676389284458,40.72852230820802
262,1,288,84,22,1,0,0,15:07:17,18.5645703125,203853,50.62414127262865,1008.3634937415898,40.76316911868347
263,1,288,84,22,1,0,0,15:07:18,18.5680859375,203349,50.674398755727665,1008.3625454557954,40.77109521381851
264,1,288,84,22,1,0,0,15:07:19,18.5680859375,202226,50.71800926448344,1008.3659630306632,40.74252998923473
265,1,267,77,19,2,0,0,15:07:20,18.56359375,201114,50.773544957352435,1008.353314627834,40.84824992821157
266,2,267,77,19,2,0,0,15:07:21,18.562421875,201978,50.92304897746172,1008.3564786745172,40.821803577589115
267,2,267,77,19,2,0,0,15:07:22,18.560859375,201854,51.0539007892414,1008.3589886086618,40.80082460544972
268,1,267,76,16,1,0,0,15:07:23,18.562421875,201978,51.14150894961427,1008.3530611308706,40.850368758759295
269,1,267,76,16,1,0,0,15:07:24,18.5571484375,201607,51.247062997057924,1008.3579009831819,40.80991538245811
270,1,267,76,16,1,0,0,15:07:25,18.5520703125,200746,51.39022226337826,1008.3528152183687,40.85242419571367
271,1,270,77,16,1,0,0,15:07:26,18.54953125,200624,51.62145572094185,1008.358816011877,40.802267232838524
272,1,270,77,16,1,0,0,15:07:27,18.546015625,199289,51.90930125456866,1008.3631814591191,40.765779281096556
273,1,270,77,16,1,0,0,15:07:28,18.544453125,198568,52.248108677503595,1008.3503126801363,40.87334145366856
274,1,234,67,9,1,0,0,15:07:29,18.54015625,199048,52.530552971695094,1008.3499524200245,40.87635266134962
275,1,234,67,9,1,0,0,15:07:30,18.5360546875,199530,52.7693402189951,1008.3533365401707,40.84806677602464
276,1,234,67,9,1,0,0,15:07:31,18.5341015625,199048,52.9645458231785,1008.3517746908194,40.86112135370417
277,1,234,67,10,1,0,0,15:07:32,18.5352734375,199651,53.135096672944485,1008.363989222473,40.75902772337133
278,1,234,67,10,1,0,0,15:07:33,18.5372265625,199772,53.293266055725184,1008.3655511022048,40.74597301980172
279,1,234,67,10,1,0,0,15:07:34,18.5409375,200991,53.3822337772397,1008.368347781834,40.72259749420395
280,1,225,66,11,1,0,0,15:07:35,18.542890625,201978,53.43939528425479,1008.3630747562106,40.76667114021476
281,1,225,66,11,1,0,0,15:07:36,18.5423046875,200746,53.52155898749204,1008.3620935902377,40.77487206193214
282,1,225,66,11,1,0,0,15:07:37,18.5450390625,201978,53.58519332713773,1008.3632549143953,40.76516531701769
283,1,225,66,11,1,0,0,15:07:38,18.5458203125,201978,53.60428299164503,1008.3628544048498,40.76851291190125
284,1,225,66,11,1,0,0,15:07:39,18.546015625,203475,53.61063834299562,1008.3683076464067,40.722932958322424
285,1,225,66,11,1,0,0,15:07:40,18.54640625,201607,53.65500718190478,1008.3604181079651,40.788876332350945
286,1,210,61,10,1,0,0,15:07:41,18.54640625,201607,53.73734197360217,1008.3621268378056,40.77459416725209
287,1,210,61,10,1,0,0,15:07:42,18.5466015625,202226,53.83875242418068,1008.364162622125,40.757578391345085
288,1,210,61,10,1,0,0,15:07:43,18.5501171875,203224,53.88991680474045,1008.3666321261383,40.73693747644629
289,1,201,56,10,1,0,0,15:07:44,18.553828125,204995,53.827002126388145,1008.3728461562014,40.68499878032691
290,1,201,56,10,1,0,0,15:07:45,18.55578125,205892,53.694202252614765,1008.3761167031151,40.657662688654064
291,1,201,56,10,1,0,0,15:07:46,18.55578125,206667,53.52960596775352,1008.374407947547,40.67194490835335
292,1,192,50,10,1,0,0,15:07:47,18.5548046875,206537,53.37135418255794,1008.3727726763699,40.685612944917445
293,1,192,50,10,1,0,0,15:07:48,18.5587109375,207579,53.23281066814036,1008.3758962390643,40.659505382942264
294,0,192,50,10,1,0,0,15:07:49,18.5630078125,208895,53.06285770951408,1008.3728387799453,40.68506043309453
295,0,192,49,9,0,0,0,15:07:50,18.56359375,209161,52.85475877661977,1008.3704023816847,40.70542453761969
296,0,192,49,9,0,0,0,15:07:51,18.5563671875,210363,52.63331662560887,1008.3634278134649,40.76372016817537
297,1,192,49,9,0,0,0,15:07:52,18.55265625,210767,52.418876847488676,1008.3555051110186,40.82994099829389
298,1,201,49,9,0,0,0,15:07:53,18.5520703125,211308,52.217646689757345,1008.3476889859985,40.89527142832775
299,1,201,49,9,0,0,0,15:07:54,18.5532421875,210767,52.07334892725584,1008.3496512699861,40.87886980249252
300,1,201,49,9,0,0,0,15:07:55,18.5548046875,211037,51.935486769852275,1008.3505588990422,40.87128345153209
301,1,207,49,9,0,0,0,15:07:56,18.5520703125,211988,51.83480686557208,1008.3528152183687,40.85242419571367
302,1,207,49,9,0,0,0,15:07:57,18.5489453125,210767,51.74666724223067,1008.3527086485545,40.85331494979559
303,1,207,49,9,0,0,0,15:07:58,18.5469921875,210229,51.78402644733981,1008.3545643432235,40.83780430585416
304,0,198,46,8,0,0,0,15:07:59,18.5434765625,210632,51.89644134007176,1008.3589297561858,40.80131651606298
305,0,198,46,8,0,0,0,15:08:00,18.53625,212125,51.97081376350695,1008.3519548925437,40.85961515292052
306,0,198,46,8,0,0,0,15:08:01,18.5341015625,212125,51.98936880321142,1008.3534833875221,40.84683936645293
307,0,186,42,7,0,0,0,15:08:02,18.5337109375,212672,51.95794948172515,1008.3528292765754,40.85230669147737
308,0,186,42,7,0,0,0,15:08:03,18.531953125,214333,51.920092847600785,1008.3652640009578,40.74837270505338
309,0,186,42,7,0,0,0,15:08:04,18.5294140625,213777,51.86960553617831,1008.3610122238929,40.78391050020828
310,0,177,40,3,0,0,0,15:08:05,18.526875,214055,51.8128639571803,1008.3567604523965,40.819448370152095
311,0,177,40,3,0,0,0,15:08:06,18.5239453125,214753,51.737293308303556,1008.3569805789135,40.81760846878406
312,0,177,40,3,0,0,0,15:08:07,18.520234375,215737,51.63660652020431,1008.3558924201669,40.82670371769821
313,0,159,35,3,0,0,0,15:08:08,18.5133984375,217734,51.52307220808036,1008.3529885050943,40.85097579456729
314,0,159,35,3,0,0,0,15:08:09,18.5102734375,216304,51.453856383665624,1008.3494641382057,40.88043393045721
315,0,159,35,3,0,0,0,15:08:11,18.507734375,216874,51.35972757157363,1008.3417950721201,40.944535487800884
316,0,135,29,1,0,0,0,15:08:12,18.50109375,219183,51.29014145795232,1008.3375094399361,40.98035693107696
317,0,135,29,1,0,0,0,15:08:13,18.492890625,217303,51.18915467199778,1008.3288986093717,41.05233090423848
318,0,135,29,1,0,0,0,15:08:14,18.4852734375,217734,51.14449528573412,1008.3281031532662,41.05897978116052
319,0,120,26,1,0,0,0,15:08:15,18.4770703125,218311,51.08104638758826,1008.3280348005187,41.059551112701996
320,0,120,26,1,0,0,0,15:08:16,18.471796875,218601,51.03046276408755,1008.3328722180855,41.019117274350876
321,0,120,26,1,0,0,0,15:08:17,18.4692578125,218022,51.01766916248255,1008.3303288166463,41.04037642482107
322,0,111,26,2,0,0,0,15:08:18,18.4692578125,217160,51.01766916248255,1008.332037340281,41.02609563821347
323,0,111,26,2,0,0,0,15:08:19,18.4692578125,216446,51.05511624981666,1008.3371629118484,40.98325339040671
324,0,111,26,2,0,0,0,15:08:20,18.4696484375,216304,51.136326472720384,1008.3326914843732,41.02062794485509
325,0,117,26,2,0,0,0,15:08:21,18.471796875,215174,51.30527634757628,1008.3328722180855,41.019117274350876
326,0,117,26,2,0,0,0,15:08:22,18.47375,213777,51.58075172130947,1008.3327258619128,41.02034059869855
327,0,117,26,2,0,0,0,15:08:23,18.4727734375,212810,51.93780762075095,1008.3242563783704,41.091133385013684
328,0,93,24,2,0,0,0,15:08:24,18.470625,213638,52.301704729169224,1008.3343268451811,41.006958719203325
329,0,93,24,2,0,0,0,15:08:25,18.4641796875,215174,52.55246753118901,1008.3269504987016,41.06861433456163
330,0,93,24,2,0,0,0,15:08:26,18.45890625,216874,52.627342585567675,1008.3232450471133,41.09958670212092
331,0,102,27,5,0,0,0,15:08:27,18.4548046875,218456,52.57017050639295,1008.3215019760481,41.11415635834751
332,0,102,27,5,0,0,0,15:08:28,18.4532421875,215879,52.53221328067442,1008.3257193087139,41.07890534229501
333,0,102,27,5,0,0,0,15:08:29,18.4481640625,215596,52.6700682562545,1008.3155068831053,41.164267175033416
334,0,117,30,5,0,0,0,15:08:30,18.4440625,215737,52.820753756935424,1008.3120552397661,41.193118324518544
335,0,117,30,5,0,0,0,15:08:31,18.4409375,216162,52.94014885372586,1008.3068220479304,41.236861003471034
336,0,117,30,5,0,0,0,15:08:32,18.441328125,216589,53.03482413418713,1008.31089309298,41.20283234461893
337,1,150,41,11,3,0,0,15:08:33,18.4430859375,216446,53.10447015956502,1008.3104198664098,41.20678789953141
338,1,150,41,11,3,0,0,15:08:34,18.446015625,216874,53.17429147735983,1008.3067836849682,41.23718166863161
339,1,150,41,11,3,0,0,15:08:35,18.4481640625,216874,53.212457048257185,1008.3035476184008,41.264231070042186
340,1,150,41,11,3,0,0,15:08:36,18.44796875,217303,53.21243226549999,1008.2998036171142,41.29552624750994
341,1,150,41,11,3,0,0,15:08:37,18.447578125,216446,53.24396622147181,1008.3008579424127,41.28671339451445
342,1,150,41,11,3,0,0,15:08:38,18.4450390625,215455,53.38267515154696,1008.3085652392982,41.22229016991451
343,1,168,46,15,4,1,0,15:08:39,18.4440625,215033,53.597623427401864,1008.3171806073369,41.150277094399165
344,1,168,46,15,4,1,0,15:08:40,18.4407421875,215596,53.818858439064144,1008.318454102215,41.13963240478209
345,1,168,46,15,4,1,0,15:08:41,18.4387890625,215174,54.03418754880822,1008.3168917662479,41.15269141558995
346,1,171,47,15,4,1,0,15:08:42,18.438984375,216020,54.1928865832806,1008.3155104019075,41.164237762564206
347,1,171,47,15,4,1,0,15:08:43,18.4399609375,217303,54.23746528638294,1008.3171457906371,41.15056811493285
348,1,171,47,15,4,1,0,15:08:44,18.439765625,219183,54.18663752038433,1008.3202356022931,41.12474149910036
349,2,186,52,18,5,1,0,15:08:45,18.4356640625,220209,54.05916500321899,1008.3219091223486,41.11075317822039
350,2,186,52,18,5,1,0,15:08:46,18.433515625,222290,53.82427057699157,1008.3268533770237,41.06942613411745
351,2,186,52,18,5,1,0,15:08:47,18.4325390625,223043,53.57083823736364,1008.3286348137361,41.05453585851119
352,2,195,53,17,5,1,0,15:08:48,18.4309765625,223953,53.31767923551128,1008.3311434082627,41.03356761458014
353,2,195,53,17,5,1,0,15:08:49,18.4317578125,223953,53.08409923339086,1008.3307433259886,41.03691172441138
354,2,195,53,17,5,1,0,15:08:50,18.433515625,224410,52.857242383877605,1008.328561805805,41.05514610049782
355,3,210,61,26,8,1,0,15:08:51,18.4387890625,224717,52.643700058430376,1008.3339761922045,41.00988966396072
356,3,210,61,26,8,1,0,15:08:52,18.442890625,225177,52.4617060988031,1008.3323026831821,41.02387775707801
357,3,210,61,26,8,1,0,15:08:53,18.4471875,223648,52.34905411282347,1008.3326646232605,41.02085246463975
358,3,246,73,30,9,2,0,15:08:54,18.4512890625,222590,52.31813830972426,1008.337824836643,40.977720684483586
359,3,246,73,30,9,2,0,15:08:55,18.4516796875,221841,52.437649415597356,1008.3401874748947,40.95797256976078
360,3,246,73,30,9,2,0,15:08:56,18.4501171875,219915,52.638829140058554,1008.3375708288679,40.97984381101382
361,5,267,80,36,18,2,0,15:08:57,18.4485546875,219768,52.89066372121043,1008.3349541849531,41.00171508056617
362,5,267,82,37,18,2,0,15:08:58,18.452265625,218311,53.17508410590223,1008.3309178439283,41.03545300642031
363,5,306,89,37,16,2,0,15:08:59,18.455390625,218311,53.51047734014692,1008.3378595795266,40.977430285776734
364,5,324,91,40,16,2,0,15:09:00,18.45578125,219768,53.74475402033713,1008.3333882724442,41.01480381300948
365,5,354,92,37,15,1,0,15:09:01,18.4551953125,222140,53.83972040579789,1008.3289900680313,41.051566440747024
366,5,345,89,37,15,1,0,15:09:02,18.452265625,222440,53.77597936590381,1008.3206669741389,41.121135823274635
367,4,333,84,35,14,1,0,15:09:03,18.450703125,225486,53.63645111301503,1008.3231758004721,41.10016550759806
368,5,339,86,38,14,1,0,15:09:04,18.4501171875,226105,53.446552360230974,1008.3170691563587,41.151208673908386
369,4,333,81,30,11,1,0,15:09:05,18.4501171875,226105,53.244288545668134,1008.3187776284593,41.13692816599728
370,4,333,81,29,11,0,0,15:09:06,18.4501171875,226728,53.02962649574273,1008.3119437407197,41.194050309647885
371,3,366,88,24,2,0,0,15:09:07,18.4528515625,228299,52.809257612404345,1008.3165227596168,41.15577581319868
372,3,372,88,26,2,0,0,15:09:08,18.45578125,228616,52.61435759709745,1008.3111779365199,41.20045142606524
373,3,387,99,28,2,1,1,15:09:09,18.4594921875,227826,52.41976187166794,1008.3122667875334,41.19135006413158
374,3,387,99,28,2,1,1,15:09:10,18.4630078125,228934,52.25047837529788,1008.3044859936305,41.25638743915764
375,3,387,99,28,2,1,1,15:09:11,18.46671875,229413,52.08137514865888,1008.2936150951715,41.34725477269593
376,3,384,102,26,2,1,1,15:09:12,18.46984375,229733,51.918626359346085,1008.2988480724955,41.30351342287578
377,3,384,102,26,2,1,1,15:09:13,18.4753125,229093,51.793914511977576,1008.2994631136944,41.298372435748334
378,3,384,102,26,2,1,1,15:09:14,18.4825390625,228616,51.68203197261804,1008.297895884013,41.311472551177076
379,3,429,116,26,2,1,1,15:09:15,18.4899609375,228299,51.614065208044345,1008.2915297131865,41.36468609052823
380,3,429,116,26,2,1,1,15:09:16,18.495625,227197,51.671129344877244,1008.2873455015998,41.39966122034927
381,3,429,116,26,2,1,1,15:09:17,18.50109375,227040,51.815924777178225,1008.2913770552949,41.36596213042697
382,3,438,116,25,2,1,1,15:09:18,18.5083203125,227354,51.904604273483514,1008.2846829746617,41.42191690207207
383,3,438,116,25,2,1,1,15:09:19,18.515546875,228458,51.90550457180903,1008.2796971571764,41.46359276504175
384,3,438,116,25,2,1,1,15:09:20,18.5223828125,226728,51.92517238211658,1008.2860175549282,41.410761330625895
385,3,444,117,25,2,1,1,15:09:21,18.5262890625,225486,52.08881506208458,1008.2857236430327,41.41321809839071
386,3,444,117,25,2,1,1,15:09:22,18.527265625,225486,52.33394602927957,1008.2976108765173,41.313854865600256
387,3,444,117,25,2,1,1,15:09:23,18.529609375,226572,52.53552003173133,1008.3049527264028,41.252486145292764
388,3,420,111,22,2,1,1,15:09:24,18.5325390625,227040,52.64920669759822,1008.303023599251,41.26861121038871
389,3,420,111,22,2,1,1,15:09:25,18.53625,229893,52.71265951640106,1008.304111270191,41.259519652782075
390,3,420,111,22,2,1,1,15:09:26,18.5403515625,227826,52.70057778970452,1008.3058529691049,41.24496126251466
391,3,432,113,21,2,1,1,15:09:27,18.5434765625,229253,52.64428713551396,1008.3059594294516,41.24407138992416
392,3,432,113,21,2,1,1,15:09:28,18.5450390625,229572,52.562636931150934,1008.3017408375208,41.27933349121892
393,3,432,113,21,2,1,1,15:09:29,18.547578125,228775,52.518899903354274,1008.3059922989561,41.243796642845645
394,3,420,108,21,1,1,1,15:09:30,18.54953125,227983,52.52543866875047,1008.3109713924963,41.20217786326024
395,3,420,108,21,1,1,1,15:09:31,18.550703125,229572,52.59482525813257,1008.3112248745174,41.200059085993956
396,3,420,108,21,1,1,1,15:09:32,18.5520703125,229413,52.61388539686543,1008.3083879042402,41.22377246155342
397,2,360,93,17,1,1,1,15:09:33,18.553828125,229572,52.56374287615327,1008.3130399655522,41.18488731795025
398,2,360,93,17,1,1,1,15:09:34,18.5563671875,230214,52.520005174010294,1008.3190001856786,41.135067891155664
399,2,360,93,17,1,1,1,15:09:36,18.5587109375,231835,52.43221698513626,1008.3143808295849,41.17367947663019
400,2,339,87,14,1,1,1,15:09:37,18.5618359375,232162,52.30684971170399,1008.3179046155617,41.14422536646194
401,2,339,87,14,1,1,1,15:09:38,18.5676953125,231672,52.21332042722169,1008.3157541751987,41.16220014497004
402,2,339,87,14,1,1,1,15:09:39,18.573359375,231672,52.119813522403334,1008.3235293055985,41.0972106974245
403,1,270,64,7,0,0,0,15:09:40,18.5790234375,231835,52.05773751649957,1008.3142162955082,41.17505476219486
404,1,270,64,7,0,0,0,15:09:41,18.5841015625,233810,51.964235299494604,1008.3107572216685,41.20396805084134
405,1,270,64,7,0,0,0,15:09:42,18.58859375,232489,51.87697818941473,1008.3080257541721,41.226799568208605
406,1,273,64,7,0,0,0,15:09:43,18.59328125,233478,51.808592007433596,1008.3022034781948,41.275466393572614
407,1,273,64,7,0,0,0,15:09:44,18.59640625,234309,51.72123804827315,1008.2920560480349,41.3602865532557
408,1,273,64,7,0,0,0,15:09:45,18.602265625,232489,51.659318405677666,1008.3018664766518,41.278283305011136
409,0,204,49,6,0,0,0,15:09:46,18.6083203125,233148,51.578659426524936,1008.3000417193159,41.29353600750384
410,0,204,49,6,0,0,0,15:09:47,18.614375,232983,51.535588696915525,1008.3033434830364,41.26593738446101
411,0,204,49,6,0,0,0,15:09:48,18.620234375,232983,51.4925034545367,1008.3029002935926,41.2696418907157
412,1,240,57,7,0,0,0,15:09:49,18.627265625,233148,51.44331656082238,1008.297583222884,41.31408601621283
413,1,240,57,7,0,0,0,15:09:50,18.635078125,233148,51.400493933088065,1008.2969917402438,41.31903009021404
414,1,240,57,7,0,0,0,15:09:51,18.64328125,235482,51.33271644585161,1008.2902180419442,41.37565011997795
415,1,249,57,6,0,0,0,15:09:52,18.6508984375,234810,51.2836430609739,1008.2978439182689,41.3119069212615
416,1,249,57,6,0,0,0,15:09:53,18.65890625,235313,51.21588313681088,1008.2941605448586,41.342695465630214
417,1,249,57,6,0,0,0,15:09:54,18.6661328125,233810,51.17303879582099,1008.2908778868975,41.370134590508904
418,1,303,63,7,0,0,0,15:09:55,18.6727734375,234810,51.13637772957189,1008.2951592695682,41.33434732663915
419,1,303,63,7,0,0,0,15:09:56,18.678828125,236326,51.11214159641439,1008.2950414342044,41.33533228840158
420,1,303,63,7,0,0,0,15:09:57,18.6844921875,237177,51.10659483691687,1008.290851286331,41.370356939968005
421,1,267,56,7,0,0,0,15:09:58,18.6891796875,234810,51.09468287291426,1008.2850260316352,41.41904933524252
422,1,267,56,7,0,0,0,15:09:59,18.69328125,236666,51.05772342015256,1008.2765105588313,41.490229253872286
423,1,267,56,7,0,0,0,15:10:00,18.6993359375,235819,51.02725423396809,1008.2763919944606,41.49122032409681
424,1,267,56,7,0,0,0,15:10:01,18.70578125,235482,50.97811431699323,1008.2769272047999,41.48674654383755
425,1,267,56,7,0,0,0,15:10:02,18.7130078125,238552,50.92908325192795,1008.2753517813559,41.4999153874218
426,1,267,56,7,0,0,0,15:10:03,18.7219921875,238035,50.85533225982738,1008.2852647124081,41.41705423541852
427,1,279,57,8,0,0,0,15:10:04,18.73,236496,50.82513505833464,1008.2884150992755,41.390720619816534
428,1,279,57,8,0,0,0,15:10:05,18.73859375,236496,50.80124925849286,1008.292546168911,41.35618972365831
429,1,279,57,8,0,0,0,15:10:06,18.748359375,237863,50.783744448723596,1008.293511007917,41.34812481788613
430,1,318,68,12,1,0,0,15:10:07,18.7555859375,237691,50.77839748002447,1008.2970621392991,41.318441639786656
431,0,318,68,12,1,0,0,15:10:08,18.763984375,238207,50.773194535688056,1008.3008655579733,41.28664973789011
432,0,318,68,12,1,0,0,15:10:09,18.7716015625,239245,50.80530398929339,1008.3067795904338,41.23721589368594
433,1,348,75,14,2,0,0,15:10:10,18.7782421875,236836,50.837299773650436,1008.3110587338264,41.20144780423581
434,2,348,75,14,2,0,0,15:10:11,18.7848828125,238552,50.83811615166688,1008.3153377704452,41.16568073017959
435,2,348,75,14,2,0,0,15:10:12,18.792109375,240117,50.820295590365774,1008.3154694247479,41.1645802766701
436,2,369,80,21,2,0,0,15:10:13,18.79875,239245,50.74629427727687,1008.3146200056725,41.171680283668195
437,2,369,80,21,2,0,0,15:10:14,18.8040234375,239419,50.67838576338546,1008.311481755522,41.19791189812284
438,2,369,80,21,2,0,0,15:10:15,18.8091015625,241703,50.59179265869912,1008.3148540774679,41.16972375614954
439,2,369,83,24,2,0,0,15:10:16,18.812421875,241526,50.51747618605885,1008.3101555525,41.20899721862038
440,2,369,83,24,2,0,0,15:10:17,18.8149609375,242058,50.44309451263149,1008.2990208633673,41.3020691036904
441,2,369,83,24,2,0,0,15:10:18,18.817890625,239942,50.38123248284009,1008.281702153938,41.446833212461165
442,2,333,78,23,2,0,0,15:10:19,18.8200390625,240819,50.32551503128857,1008.2682039075848,41.559664124629315
443,2,333,78,23,2,0,0,15:10:20,18.82140625,241703,50.3070257751011,1008.2653640341506,41.58340258692431
444,2,333,78,23,2,0,0,15:10:21,18.824140625,240996,50.30735936523337,1008.2665220627437,41.57372263558241
445,2,330,80,26,2,0,0,15:10:22,18.8262890625,242058,50.3138400173207,1008.2632803688668,41.60081995030417
446,2,330,80,26,2,0,0,15:10:23,18.8282421875,239245,50.34517438612782,1008.2716780023242,41.530624288946505
447,2,330,80,26,2,0,0,15:10:24,18.8278515625,239593,50.38244909148117,1008.2710241542144,41.536089776100724
448,2,303,82,28,2,0,0,15:10:25,18.82921875,241172,50.42616884981728,1008.2716031502454,41.53124997398327
449,2,303,82,28,2,0,0,15:10:26,18.830390625,241172,50.51344966039394,1008.2667267895953,41.57201132647857
450,2,303,82,28,2,0,0,15:10:27,18.8286328125,241172,50.569273780267956,1008.2689129080541,41.55373760807494
451,2,318,85,31,2,0,0,15:10:28,18.82453125,240819,50.63105733445508,1008.2757232129258,41.496810617953784
452,1,318,85,31,2,0,0,15:10:29,18.82140625,238207,50.717910450059534,1008.2824585574751,41.440510523543296
453,1,318,85,31,2,0,0,15:10:30,18.8200390625,241703,50.79878552943809,1008.2682039075848,41.559664124629315
454,1,303,78,28,2,0,0,15:10:31,18.820625,238379,50.917370902584125,1008.2640563361856,41.594333634117
455,2,303,78,28,2,0,0,15:10:32,18.819453125,241349,51.017087797408976,1008.2723514705847,41.524994800824466
456,2,303,78,28,2,0,0,15:10:33,18.816328125,240819,51.06665355677886,1008.2671206354239,41.56871917507626
457,2,327,82,28,2,0,0,15:10:34,18.8149609375,241703,51.07272969151712,1008.2733793224477,41.51640304344666
458,2,327,82,28,2,0,0,15:10:35,18.8169140625,241881,51.054236771678994,1008.268101416378,41.56052084624969
459,2,327,82,28,2,0,0,15:10:36,18.8188671875,241349,51.05447775219106,1008.2696612429644,41.547482299606074
460,2,324,77,24,1,0,0,15:10:37,18.8196484375,241703,51.07955332294974,1008.270968950518,41.53655122146132
461,2,324,77,24,1,0,0,15:10:38,18.82140625,242058,51.06728023070502,1008.2704923899854,41.540534771658
462,1,324,77,24,1,0,0,15:10:39,18.821015625,242058,51.04849856876826,1008.2783857942627,41.47455432138302
463,1,303,72,25,1,0,0,15:10:40,18.8196484375,239942,51.04832989348854,1008.279516189338,41.46510545709592
464,1,303,72,25,1,0,0,15:10:41,18.8149609375,239071,51.15393244321198,1008.28876424401,41.38780217497147
465,2,303,72,25,1,0,0,15:10:42,18.8106640625,237691,51.39097153789936,1008.2918282468742,41.362190701497816
466,1,264,60,17,1,0,0,15:10:43,18.8096875,240996,51.5911517913262,1008.302159522723,41.27583380630484
467,1,264,60,17,1,0,0,15:10:44,18.809296875,241881,51.678804774455266,1008.3100527537284,41.20985648222234
468,1,264,60,17,1,0,0,15:10:45,18.808125,240643,51.71625815345633,1008.3115099353902,41.19767635145649
469,0,258,57,14,1,0,0,15:10:46,18.806171875,242058,51.747353412332615,1008.3082404983847,41.22500458394413
470,0,258,57,14,1,0,0,15:10:47,18.8067578125,243131,51.734890343864286,1008.3177684096798,41.1453638628484
471,0,258,57,14,1,0,0,15:10:48,18.8034375,243131,51.715674136082136,1008.3122103268563,41.19182200091162
472,1,285,66,15,2,0,0,15:10:49,18.8008984375,244393,51.65896252324835,1008.3113788353028,41.19877217595229
473,1,285,66,15,2,0,0,15:10:50,18.799921875,242772,51.57115001841476,1008.3182910938076,41.14099493333399
474,1,285,66,15,2,0,0,15:10:51,18.798359375,244757,51.5333870556314,1008.3071285345987,41.23429916838553
475,1,288,69,15,2,0,0,15:10:52,18.79640625,244575,51.47680614530054,1008.3072778526532,41.23305106136978
476,0,288,69,15,2,0,0,15:10:53,18.793671875,244575,51.41388956433689,1008.3095381253604,41.21415810496438
477,0,288,69,15,2,0,0,15:10:54,18.7915234375,244939,51.351067897247006,1008.3076510698479,41.22993144597686
478,1,288,70,15,2,0,0,15:10:55,18.7876171875,243851,51.31931466618338,1008.3147870245812,41.17028422867096
479,2,288,70,15,2,0,0,15:10:56,18.787421875,245121,51.256768239730626,1008.3161694373538,41.15872911150512
